x:image,y:label
./train/paper/paper01-000.png,0
./train/paper/paper01-001.png,0
./train/paper/paper01-002.png,0
./train/paper/paper01-003.png,0
./train/paper/paper01-004.png,0
./train/paper/paper01-005.png,0
./train/paper/paper01-006.png,0
./train/paper/paper01-007.png,0
./train/paper/paper01-008.png,0
./train/paper/paper01-009.png,0
./train/paper/paper01-010.png,0
./train/paper/paper01-011.png,0
./train/paper/paper01-012.png,0
./train/paper/paper01-013.png,0
./train/paper/paper01-014.png,0
./train/paper/paper01-015.png,0
./train/paper/paper01-016.png,0
./train/paper/paper01-017.png,0
./train/paper/paper01-018.png,0
./train/paper/paper01-019.png,0
./train/paper/paper01-020.png,0
./train/paper/paper01-021.png,0
./train/paper/paper01-022.png,0
./train/paper/paper01-023.png,0
./train/paper/paper01-024.png,0
./train/paper/paper01-025.png,0
./train/paper/paper01-026.png,0
./train/paper/paper01-027.png,0
./train/paper/paper01-028.png,0
./train/paper/paper01-029.png,0
./train/paper/paper01-030.png,0
./train/paper/paper01-031.png,0
./train/paper/paper01-032.png,0
./train/paper/paper01-033.png,0
./train/paper/paper01-034.png,0
./train/paper/paper01-035.png,0
./train/paper/paper01-036.png,0
./train/paper/paper01-037.png,0
./train/paper/paper01-038.png,0
./train/paper/paper01-039.png,0
./train/paper/paper01-040.png,0
./train/paper/paper01-041.png,0
./train/paper/paper01-042.png,0
./train/paper/paper01-043.png,0
./train/paper/paper01-044.png,0
./train/paper/paper01-045.png,0
./train/paper/paper01-046.png,0
./train/paper/paper01-047.png,0
./train/paper/paper01-048.png,0
./train/paper/paper01-049.png,0
./train/paper/paper01-050.png,0
./train/paper/paper01-051.png,0
./train/paper/paper01-052.png,0
./train/paper/paper01-053.png,0
./train/paper/paper01-054.png,0
./train/paper/paper01-055.png,0
./train/paper/paper01-056.png,0
./train/paper/paper01-057.png,0
./train/paper/paper01-058.png,0
./train/paper/paper01-059.png,0
./train/paper/paper01-060.png,0
./train/paper/paper01-061.png,0
./train/paper/paper01-062.png,0
./train/paper/paper01-063.png,0
./train/paper/paper01-064.png,0
./train/paper/paper01-065.png,0
./train/paper/paper01-066.png,0
./train/paper/paper01-067.png,0
./train/paper/paper01-068.png,0
./train/paper/paper01-069.png,0
./train/paper/paper01-070.png,0
./train/paper/paper01-071.png,0
./train/paper/paper01-072.png,0
./train/paper/paper01-073.png,0
./train/paper/paper01-074.png,0
./train/paper/paper01-075.png,0
./train/paper/paper01-076.png,0
./train/paper/paper01-077.png,0
./train/paper/paper01-078.png,0
./train/paper/paper01-079.png,0
./train/paper/paper01-080.png,0
./train/paper/paper01-081.png,0
./train/paper/paper01-082.png,0
./train/paper/paper01-083.png,0
./train/paper/paper01-084.png,0
./train/paper/paper01-085.png,0
./train/paper/paper01-086.png,0
./train/paper/paper01-087.png,0
./train/paper/paper01-088.png,0
./train/paper/paper01-089.png,0
./train/paper/paper01-090.png,0
./train/paper/paper01-091.png,0
./train/paper/paper01-092.png,0
./train/paper/paper01-093.png,0
./train/paper/paper01-094.png,0
./train/paper/paper01-095.png,0
./train/paper/paper01-096.png,0
./train/paper/paper01-097.png,0
./train/paper/paper01-098.png,0
./train/paper/paper01-099.png,0
./train/paper/paper01-100.png,0
./train/paper/paper01-101.png,0
./train/paper/paper01-102.png,0
./train/paper/paper01-103.png,0
./train/paper/paper01-104.png,0
./train/paper/paper01-105.png,0
./train/paper/paper01-106.png,0
./train/paper/paper01-107.png,0
./train/paper/paper01-108.png,0
./train/paper/paper01-109.png,0
./train/paper/paper01-110.png,0
./train/paper/paper01-111.png,0
./train/paper/paper01-112.png,0
./train/paper/paper01-113.png,0
./train/paper/paper01-114.png,0
./train/paper/paper01-115.png,0
./train/paper/paper01-116.png,0
./train/paper/paper01-117.png,0
./train/paper/paper01-118.png,0
./train/paper/paper01-119.png,0
./train/paper/paper02-000.png,0
./train/paper/paper02-001.png,0
./train/paper/paper02-002.png,0
./train/paper/paper02-003.png,0
./train/paper/paper02-004.png,0
./train/paper/paper02-005.png,0
./train/paper/paper02-006.png,0
./train/paper/paper02-007.png,0
./train/paper/paper02-008.png,0
./train/paper/paper02-009.png,0
./train/paper/paper02-010.png,0
./train/paper/paper02-011.png,0
./train/paper/paper02-012.png,0
./train/paper/paper02-013.png,0
./train/paper/paper02-014.png,0
./train/paper/paper02-015.png,0
./train/paper/paper02-016.png,0
./train/paper/paper02-017.png,0
./train/paper/paper02-018.png,0
./train/paper/paper02-019.png,0
./train/paper/paper02-020.png,0
./train/paper/paper02-021.png,0
./train/paper/paper02-022.png,0
./train/paper/paper02-023.png,0
./train/paper/paper02-024.png,0
./train/paper/paper02-025.png,0
./train/paper/paper02-026.png,0
./train/paper/paper02-027.png,0
./train/paper/paper02-028.png,0
./train/paper/paper02-029.png,0
./train/paper/paper02-030.png,0
./train/paper/paper02-031.png,0
./train/paper/paper02-032.png,0
./train/paper/paper02-033.png,0
./train/paper/paper02-034.png,0
./train/paper/paper02-035.png,0
./train/paper/paper02-036.png,0
./train/paper/paper02-037.png,0
./train/paper/paper02-038.png,0
./train/paper/paper02-039.png,0
./train/paper/paper02-040.png,0
./train/paper/paper02-041.png,0
./train/paper/paper02-042.png,0
./train/paper/paper02-043.png,0
./train/paper/paper02-044.png,0
./train/paper/paper02-045.png,0
./train/paper/paper02-046.png,0
./train/paper/paper02-047.png,0
./train/paper/paper02-048.png,0
./train/paper/paper02-049.png,0
./train/paper/paper02-050.png,0
./train/paper/paper02-051.png,0
./train/paper/paper02-052.png,0
./train/paper/paper02-053.png,0
./train/paper/paper02-054.png,0
./train/paper/paper02-055.png,0
./train/paper/paper02-056.png,0
./train/paper/paper02-057.png,0
./train/paper/paper02-058.png,0
./train/paper/paper02-059.png,0
./train/paper/paper02-060.png,0
./train/paper/paper02-061.png,0
./train/paper/paper02-062.png,0
./train/paper/paper02-063.png,0
./train/paper/paper02-064.png,0
./train/paper/paper02-065.png,0
./train/paper/paper02-066.png,0
./train/paper/paper02-067.png,0
./train/paper/paper02-068.png,0
./train/paper/paper02-069.png,0
./train/paper/paper02-070.png,0
./train/paper/paper02-071.png,0
./train/paper/paper02-072.png,0
./train/paper/paper02-073.png,0
./train/paper/paper02-074.png,0
./train/paper/paper02-075.png,0
./train/paper/paper02-076.png,0
./train/paper/paper02-077.png,0
./train/paper/paper02-078.png,0
./train/paper/paper02-079.png,0
./train/paper/paper02-080.png,0
./train/paper/paper02-081.png,0
./train/paper/paper02-082.png,0
./train/paper/paper02-083.png,0
./train/paper/paper02-084.png,0
./train/paper/paper02-085.png,0
./train/paper/paper02-086.png,0
./train/paper/paper02-087.png,0
./train/paper/paper02-088.png,0
./train/paper/paper02-089.png,0
./train/paper/paper02-090.png,0
./train/paper/paper02-091.png,0
./train/paper/paper02-092.png,0
./train/paper/paper02-093.png,0
./train/paper/paper02-094.png,0
./train/paper/paper02-095.png,0
./train/paper/paper02-096.png,0
./train/paper/paper02-097.png,0
./train/paper/paper02-098.png,0
./train/paper/paper02-099.png,0
./train/paper/paper02-100.png,0
./train/paper/paper02-101.png,0
./train/paper/paper02-102.png,0
./train/paper/paper02-103.png,0
./train/paper/paper02-104.png,0
./train/paper/paper02-105.png,0
./train/paper/paper02-106.png,0
./train/paper/paper02-107.png,0
./train/paper/paper02-108.png,0
./train/paper/paper02-109.png,0
./train/paper/paper02-110.png,0
./train/paper/paper02-111.png,0
./train/paper/paper02-112.png,0
./train/paper/paper02-113.png,0
./train/paper/paper02-114.png,0
./train/paper/paper02-115.png,0
./train/paper/paper02-116.png,0
./train/paper/paper02-117.png,0
./train/paper/paper02-118.png,0
./train/paper/paper02-119.png,0
./train/paper/paper03-000.png,0
./train/paper/paper03-001.png,0
./train/paper/paper03-002.png,0
./train/paper/paper03-003.png,0
./train/paper/paper03-004.png,0
./train/paper/paper03-005.png,0
./train/paper/paper03-006.png,0
./train/paper/paper03-007.png,0
./train/paper/paper03-008.png,0
./train/paper/paper03-009.png,0
./train/paper/paper03-010.png,0
./train/paper/paper03-011.png,0
./train/paper/paper03-012.png,0
./train/paper/paper03-013.png,0
./train/paper/paper03-014.png,0
./train/paper/paper03-015.png,0
./train/paper/paper03-016.png,0
./train/paper/paper03-017.png,0
./train/paper/paper03-018.png,0
./train/paper/paper03-019.png,0
./train/paper/paper03-020.png,0
./train/paper/paper03-021.png,0
./train/paper/paper03-022.png,0
./train/paper/paper03-023.png,0
./train/paper/paper03-024.png,0
./train/paper/paper03-025.png,0
./train/paper/paper03-026.png,0
./train/paper/paper03-027.png,0
./train/paper/paper03-028.png,0
./train/paper/paper03-029.png,0
./train/paper/paper03-030.png,0
./train/paper/paper03-031.png,0
./train/paper/paper03-032.png,0
./train/paper/paper03-033.png,0
./train/paper/paper03-034.png,0
./train/paper/paper03-035.png,0
./train/paper/paper03-036.png,0
./train/paper/paper03-037.png,0
./train/paper/paper03-038.png,0
./train/paper/paper03-039.png,0
./train/paper/paper03-040.png,0
./train/paper/paper03-041.png,0
./train/paper/paper03-042.png,0
./train/paper/paper03-043.png,0
./train/paper/paper03-044.png,0
./train/paper/paper03-045.png,0
./train/paper/paper03-046.png,0
./train/paper/paper03-047.png,0
./train/paper/paper03-048.png,0
./train/paper/paper03-049.png,0
./train/paper/paper03-050.png,0
./train/paper/paper03-051.png,0
./train/paper/paper03-052.png,0
./train/paper/paper03-053.png,0
./train/paper/paper03-054.png,0
./train/paper/paper03-055.png,0
./train/paper/paper03-056.png,0
./train/paper/paper03-057.png,0
./train/paper/paper03-058.png,0
./train/paper/paper03-059.png,0
./train/paper/paper03-060.png,0
./train/paper/paper03-061.png,0
./train/paper/paper03-062.png,0
./train/paper/paper03-063.png,0
./train/paper/paper03-064.png,0
./train/paper/paper03-065.png,0
./train/paper/paper03-066.png,0
./train/paper/paper03-067.png,0
./train/paper/paper03-068.png,0
./train/paper/paper03-069.png,0
./train/paper/paper03-070.png,0
./train/paper/paper03-071.png,0
./train/paper/paper03-072.png,0
./train/paper/paper03-073.png,0
./train/paper/paper03-074.png,0
./train/paper/paper03-075.png,0
./train/paper/paper03-076.png,0
./train/paper/paper03-077.png,0
./train/paper/paper03-078.png,0
./train/paper/paper03-079.png,0
./train/paper/paper03-080.png,0
./train/paper/paper03-081.png,0
./train/paper/paper03-082.png,0
./train/paper/paper03-083.png,0
./train/paper/paper03-084.png,0
./train/paper/paper03-085.png,0
./train/paper/paper03-086.png,0
./train/paper/paper03-087.png,0
./train/paper/paper03-088.png,0
./train/paper/paper03-089.png,0
./train/paper/paper03-090.png,0
./train/paper/paper03-091.png,0
./train/paper/paper03-092.png,0
./train/paper/paper03-093.png,0
./train/paper/paper03-094.png,0
./train/paper/paper03-095.png,0
./train/paper/paper03-096.png,0
./train/paper/paper03-097.png,0
./train/paper/paper03-098.png,0
./train/paper/paper03-099.png,0
./train/paper/paper03-100.png,0
./train/paper/paper03-101.png,0
./train/paper/paper03-102.png,0
./train/paper/paper03-103.png,0
./train/paper/paper03-104.png,0
./train/paper/paper03-105.png,0
./train/paper/paper03-106.png,0
./train/paper/paper03-107.png,0
./train/paper/paper03-108.png,0
./train/paper/paper03-109.png,0
./train/paper/paper03-110.png,0
./train/paper/paper03-111.png,0
./train/paper/paper03-112.png,0
./train/paper/paper03-113.png,0
./train/paper/paper03-114.png,0
./train/paper/paper03-115.png,0
./train/paper/paper03-116.png,0
./train/paper/paper03-117.png,0
./train/paper/paper03-118.png,0
./train/paper/paper03-119.png,0
./train/paper/paper04-000.png,0
./train/paper/paper04-001.png,0
./train/paper/paper04-002.png,0
./train/paper/paper04-003.png,0
./train/paper/paper04-004.png,0
./train/paper/paper04-005.png,0
./train/paper/paper04-006.png,0
./train/paper/paper04-007.png,0
./train/paper/paper04-008.png,0
./train/paper/paper04-009.png,0
./train/paper/paper04-010.png,0
./train/paper/paper04-011.png,0
./train/paper/paper04-012.png,0
./train/paper/paper04-013.png,0
./train/paper/paper04-014.png,0
./train/paper/paper04-015.png,0
./train/paper/paper04-016.png,0
./train/paper/paper04-017.png,0
./train/paper/paper04-018.png,0
./train/paper/paper04-019.png,0
./train/paper/paper04-020.png,0
./train/paper/paper04-021.png,0
./train/paper/paper04-022.png,0
./train/paper/paper04-023.png,0
./train/paper/paper04-024.png,0
./train/paper/paper04-025.png,0
./train/paper/paper04-026.png,0
./train/paper/paper04-027.png,0
./train/paper/paper04-028.png,0
./train/paper/paper04-029.png,0
./train/paper/paper04-030.png,0
./train/paper/paper04-031.png,0
./train/paper/paper04-032.png,0
./train/paper/paper04-033.png,0
./train/paper/paper04-034.png,0
./train/paper/paper04-035.png,0
./train/paper/paper04-036.png,0
./train/paper/paper04-037.png,0
./train/paper/paper04-038.png,0
./train/paper/paper04-039.png,0
./train/paper/paper04-040.png,0
./train/paper/paper04-041.png,0
./train/paper/paper04-042.png,0
./train/paper/paper04-043.png,0
./train/paper/paper04-044.png,0
./train/paper/paper04-045.png,0
./train/paper/paper04-046.png,0
./train/paper/paper04-047.png,0
./train/paper/paper04-048.png,0
./train/paper/paper04-049.png,0
./train/paper/paper04-050.png,0
./train/paper/paper04-051.png,0
./train/paper/paper04-052.png,0
./train/paper/paper04-053.png,0
./train/paper/paper04-054.png,0
./train/paper/paper04-055.png,0
./train/paper/paper04-056.png,0
./train/paper/paper04-057.png,0
./train/paper/paper04-058.png,0
./train/paper/paper04-059.png,0
./train/paper/paper04-060.png,0
./train/paper/paper04-061.png,0
./train/paper/paper04-062.png,0
./train/paper/paper04-063.png,0
./train/paper/paper04-064.png,0
./train/paper/paper04-065.png,0
./train/paper/paper04-066.png,0
./train/paper/paper04-067.png,0
./train/paper/paper04-068.png,0
./train/paper/paper04-069.png,0
./train/paper/paper04-070.png,0
./train/paper/paper04-071.png,0
./train/paper/paper04-072.png,0
./train/paper/paper04-073.png,0
./train/paper/paper04-074.png,0
./train/paper/paper04-075.png,0
./train/paper/paper04-076.png,0
./train/paper/paper04-077.png,0
./train/paper/paper04-078.png,0
./train/paper/paper04-079.png,0
./train/paper/paper04-080.png,0
./train/paper/paper04-081.png,0
./train/paper/paper04-082.png,0
./train/paper/paper04-083.png,0
./train/paper/paper04-084.png,0
./train/paper/paper04-085.png,0
./train/paper/paper04-086.png,0
./train/paper/paper04-087.png,0
./train/paper/paper04-088.png,0
./train/paper/paper04-089.png,0
./train/paper/paper04-090.png,0
./train/paper/paper04-091.png,0
./train/paper/paper04-092.png,0
./train/paper/paper04-093.png,0
./train/paper/paper04-094.png,0
./train/paper/paper04-095.png,0
./train/paper/paper04-096.png,0
./train/paper/paper04-097.png,0
./train/paper/paper04-098.png,0
./train/paper/paper04-099.png,0
./train/paper/paper04-100.png,0
./train/paper/paper04-101.png,0
./train/paper/paper04-102.png,0
./train/paper/paper04-103.png,0
./train/paper/paper04-104.png,0
./train/paper/paper04-105.png,0
./train/paper/paper04-106.png,0
./train/paper/paper04-107.png,0
./train/paper/paper04-108.png,0
./train/paper/paper04-109.png,0
./train/paper/paper04-110.png,0
./train/paper/paper04-111.png,0
./train/paper/paper04-112.png,0
./train/paper/paper04-113.png,0
./train/paper/paper04-114.png,0
./train/paper/paper04-115.png,0
./train/paper/paper04-116.png,0
./train/paper/paper04-117.png,0
./train/paper/paper04-118.png,0
./train/paper/paper04-119.png,0
./train/paper/paper05-000.png,0
./train/paper/paper05-001.png,0
./train/paper/paper05-002.png,0
./train/paper/paper05-003.png,0
./train/paper/paper05-004.png,0
./train/paper/paper05-005.png,0
./train/paper/paper05-006.png,0
./train/paper/paper05-007.png,0
./train/paper/paper05-008.png,0
./train/paper/paper05-009.png,0
./train/paper/paper05-010.png,0
./train/paper/paper05-011.png,0
./train/paper/paper05-012.png,0
./train/paper/paper05-013.png,0
./train/paper/paper05-014.png,0
./train/paper/paper05-015.png,0
./train/paper/paper05-016.png,0
./train/paper/paper05-017.png,0
./train/paper/paper05-018.png,0
./train/paper/paper05-019.png,0
./train/paper/paper05-020.png,0
./train/paper/paper05-021.png,0
./train/paper/paper05-022.png,0
./train/paper/paper05-023.png,0
./train/paper/paper05-024.png,0
./train/paper/paper05-025.png,0
./train/paper/paper05-026.png,0
./train/paper/paper05-027.png,0
./train/paper/paper05-028.png,0
./train/paper/paper05-029.png,0
./train/paper/paper05-030.png,0
./train/paper/paper05-031.png,0
./train/paper/paper05-032.png,0
./train/paper/paper05-033.png,0
./train/paper/paper05-034.png,0
./train/paper/paper05-035.png,0
./train/paper/paper05-036.png,0
./train/paper/paper05-037.png,0
./train/paper/paper05-038.png,0
./train/paper/paper05-039.png,0
./train/paper/paper05-040.png,0
./train/paper/paper05-041.png,0
./train/paper/paper05-042.png,0
./train/paper/paper05-043.png,0
./train/paper/paper05-044.png,0
./train/paper/paper05-045.png,0
./train/paper/paper05-046.png,0
./train/paper/paper05-047.png,0
./train/paper/paper05-048.png,0
./train/paper/paper05-049.png,0
./train/paper/paper05-050.png,0
./train/paper/paper05-051.png,0
./train/paper/paper05-052.png,0
./train/paper/paper05-053.png,0
./train/paper/paper05-054.png,0
./train/paper/paper05-055.png,0
./train/paper/paper05-056.png,0
./train/paper/paper05-057.png,0
./train/paper/paper05-058.png,0
./train/paper/paper05-059.png,0
./train/paper/paper05-060.png,0
./train/paper/paper05-061.png,0
./train/paper/paper05-062.png,0
./train/paper/paper05-063.png,0
./train/paper/paper05-064.png,0
./train/paper/paper05-065.png,0
./train/paper/paper05-066.png,0
./train/paper/paper05-067.png,0
./train/paper/paper05-068.png,0
./train/paper/paper05-069.png,0
./train/paper/paper05-070.png,0
./train/paper/paper05-071.png,0
./train/paper/paper05-072.png,0
./train/paper/paper05-073.png,0
./train/paper/paper05-074.png,0
./train/paper/paper05-075.png,0
./train/paper/paper05-076.png,0
./train/paper/paper05-077.png,0
./train/paper/paper05-078.png,0
./train/paper/paper05-079.png,0
./train/paper/paper05-080.png,0
./train/paper/paper05-081.png,0
./train/paper/paper05-082.png,0
./train/paper/paper05-083.png,0
./train/paper/paper05-084.png,0
./train/paper/paper05-085.png,0
./train/paper/paper05-086.png,0
./train/paper/paper05-087.png,0
./train/paper/paper05-088.png,0
./train/paper/paper05-089.png,0
./train/paper/paper05-090.png,0
./train/paper/paper05-091.png,0
./train/paper/paper05-092.png,0
./train/paper/paper05-093.png,0
./train/paper/paper05-094.png,0
./train/paper/paper05-095.png,0
./train/paper/paper05-096.png,0
./train/paper/paper05-097.png,0
./train/paper/paper05-098.png,0
./train/paper/paper05-099.png,0
./train/paper/paper05-100.png,0
./train/paper/paper05-101.png,0
./train/paper/paper05-102.png,0
./train/paper/paper05-103.png,0
./train/paper/paper05-104.png,0
./train/paper/paper05-105.png,0
./train/paper/paper05-106.png,0
./train/paper/paper05-107.png,0
./train/paper/paper05-108.png,0
./train/paper/paper05-109.png,0
./train/paper/paper05-110.png,0
./train/paper/paper05-111.png,0
./train/paper/paper05-112.png,0
./train/paper/paper05-113.png,0
./train/paper/paper05-114.png,0
./train/paper/paper05-115.png,0
./train/paper/paper05-116.png,0
./train/paper/paper05-117.png,0
./train/paper/paper05-118.png,0
./train/paper/paper05-119.png,0
./train/paper/paper06-000.png,0
./train/paper/paper06-001.png,0
./train/paper/paper06-002.png,0
./train/paper/paper06-003.png,0
./train/paper/paper06-004.png,0
./train/paper/paper06-005.png,0
./train/paper/paper06-006.png,0
./train/paper/paper06-007.png,0
./train/paper/paper06-008.png,0
./train/paper/paper06-009.png,0
./train/paper/paper06-010.png,0
./train/paper/paper06-011.png,0
./train/paper/paper06-012.png,0
./train/paper/paper06-013.png,0
./train/paper/paper06-014.png,0
./train/paper/paper06-015.png,0
./train/paper/paper06-016.png,0
./train/paper/paper06-017.png,0
./train/paper/paper06-018.png,0
./train/paper/paper06-019.png,0
./train/paper/paper06-020.png,0
./train/paper/paper06-021.png,0
./train/paper/paper06-022.png,0
./train/paper/paper06-023.png,0
./train/paper/paper06-024.png,0
./train/paper/paper06-025.png,0
./train/paper/paper06-026.png,0
./train/paper/paper06-027.png,0
./train/paper/paper06-028.png,0
./train/paper/paper06-029.png,0
./train/paper/paper06-030.png,0
./train/paper/paper06-031.png,0
./train/paper/paper06-032.png,0
./train/paper/paper06-033.png,0
./train/paper/paper06-034.png,0
./train/paper/paper06-035.png,0
./train/paper/paper06-036.png,0
./train/paper/paper06-037.png,0
./train/paper/paper06-038.png,0
./train/paper/paper06-039.png,0
./train/paper/paper06-040.png,0
./train/paper/paper06-041.png,0
./train/paper/paper06-042.png,0
./train/paper/paper06-043.png,0
./train/paper/paper06-044.png,0
./train/paper/paper06-045.png,0
./train/paper/paper06-046.png,0
./train/paper/paper06-047.png,0
./train/paper/paper06-048.png,0
./train/paper/paper06-049.png,0
./train/paper/paper06-050.png,0
./train/paper/paper06-051.png,0
./train/paper/paper06-052.png,0
./train/paper/paper06-053.png,0
./train/paper/paper06-054.png,0
./train/paper/paper06-055.png,0
./train/paper/paper06-056.png,0
./train/paper/paper06-057.png,0
./train/paper/paper06-058.png,0
./train/paper/paper06-059.png,0
./train/paper/paper06-060.png,0
./train/paper/paper06-061.png,0
./train/paper/paper06-062.png,0
./train/paper/paper06-063.png,0
./train/paper/paper06-064.png,0
./train/paper/paper06-065.png,0
./train/paper/paper06-066.png,0
./train/paper/paper06-067.png,0
./train/paper/paper06-068.png,0
./train/paper/paper06-069.png,0
./train/paper/paper06-070.png,0
./train/paper/paper06-071.png,0
./train/paper/paper06-072.png,0
./train/paper/paper06-073.png,0
./train/paper/paper06-074.png,0
./train/paper/paper06-075.png,0
./train/paper/paper06-076.png,0
./train/paper/paper06-077.png,0
./train/paper/paper06-078.png,0
./train/paper/paper06-079.png,0
./train/paper/paper06-080.png,0
./train/paper/paper06-081.png,0
./train/paper/paper06-082.png,0
./train/paper/paper06-083.png,0
./train/paper/paper06-084.png,0
./train/paper/paper06-085.png,0
./train/paper/paper06-086.png,0
./train/paper/paper06-087.png,0
./train/paper/paper06-088.png,0
./train/paper/paper06-089.png,0
./train/paper/paper06-090.png,0
./train/paper/paper06-091.png,0
./train/paper/paper06-092.png,0
./train/paper/paper06-093.png,0
./train/paper/paper06-094.png,0
./train/paper/paper06-095.png,0
./train/paper/paper06-096.png,0
./train/paper/paper06-097.png,0
./train/paper/paper06-098.png,0
./train/paper/paper06-099.png,0
./train/paper/paper06-100.png,0
./train/paper/paper06-101.png,0
./train/paper/paper06-102.png,0
./train/paper/paper06-103.png,0
./train/paper/paper06-104.png,0
./train/paper/paper06-105.png,0
./train/paper/paper06-106.png,0
./train/paper/paper06-107.png,0
./train/paper/paper06-108.png,0
./train/paper/paper06-109.png,0
./train/paper/paper06-110.png,0
./train/paper/paper06-111.png,0
./train/paper/paper06-112.png,0
./train/paper/paper06-113.png,0
./train/paper/paper06-114.png,0
./train/paper/paper06-115.png,0
./train/paper/paper06-116.png,0
./train/paper/paper06-117.png,0
./train/paper/paper06-118.png,0
./train/paper/paper06-119.png,0
./train/paper/paper07-000.png,0
./train/paper/paper07-001.png,0
./train/paper/paper07-002.png,0
./train/paper/paper07-003.png,0
./train/paper/paper07-004.png,0
./train/paper/paper07-005.png,0
./train/paper/paper07-006.png,0
./train/paper/paper07-007.png,0
./train/paper/paper07-008.png,0
./train/paper/paper07-009.png,0
./train/paper/paper07-010.png,0
./train/paper/paper07-011.png,0
./train/paper/paper07-012.png,0
./train/paper/paper07-013.png,0
./train/paper/paper07-014.png,0
./train/paper/paper07-015.png,0
./train/paper/paper07-016.png,0
./train/paper/paper07-017.png,0
./train/paper/paper07-018.png,0
./train/paper/paper07-019.png,0
./train/paper/paper07-020.png,0
./train/paper/paper07-021.png,0
./train/paper/paper07-022.png,0
./train/paper/paper07-023.png,0
./train/paper/paper07-024.png,0
./train/paper/paper07-025.png,0
./train/paper/paper07-026.png,0
./train/paper/paper07-027.png,0
./train/paper/paper07-028.png,0
./train/paper/paper07-029.png,0
./train/paper/paper07-030.png,0
./train/paper/paper07-031.png,0
./train/paper/paper07-032.png,0
./train/paper/paper07-033.png,0
./train/paper/paper07-034.png,0
./train/paper/paper07-035.png,0
./train/paper/paper07-036.png,0
./train/paper/paper07-037.png,0
./train/paper/paper07-038.png,0
./train/paper/paper07-039.png,0
./train/paper/paper07-040.png,0
./train/paper/paper07-041.png,0
./train/paper/paper07-042.png,0
./train/paper/paper07-043.png,0
./train/paper/paper07-044.png,0
./train/paper/paper07-045.png,0
./train/paper/paper07-046.png,0
./train/paper/paper07-047.png,0
./train/paper/paper07-048.png,0
./train/paper/paper07-049.png,0
./train/paper/paper07-050.png,0
./train/paper/paper07-051.png,0
./train/paper/paper07-052.png,0
./train/paper/paper07-053.png,0
./train/paper/paper07-054.png,0
./train/paper/paper07-055.png,0
./train/paper/paper07-056.png,0
./train/paper/paper07-057.png,0
./train/paper/paper07-058.png,0
./train/paper/paper07-059.png,0
./train/paper/paper07-060.png,0
./train/paper/paper07-061.png,0
./train/paper/paper07-062.png,0
./train/paper/paper07-063.png,0
./train/paper/paper07-064.png,0
./train/paper/paper07-065.png,0
./train/paper/paper07-066.png,0
./train/paper/paper07-067.png,0
./train/paper/paper07-068.png,0
./train/paper/paper07-069.png,0
./train/paper/paper07-070.png,0
./train/paper/paper07-071.png,0
./train/paper/paper07-072.png,0
./train/paper/paper07-073.png,0
./train/paper/paper07-074.png,0
./train/paper/paper07-075.png,0
./train/paper/paper07-076.png,0
./train/paper/paper07-077.png,0
./train/paper/paper07-078.png,0
./train/paper/paper07-079.png,0
./train/paper/paper07-080.png,0
./train/paper/paper07-081.png,0
./train/paper/paper07-082.png,0
./train/paper/paper07-083.png,0
./train/paper/paper07-084.png,0
./train/paper/paper07-085.png,0
./train/paper/paper07-086.png,0
./train/paper/paper07-087.png,0
./train/paper/paper07-088.png,0
./train/paper/paper07-089.png,0
./train/paper/paper07-090.png,0
./train/paper/paper07-091.png,0
./train/paper/paper07-092.png,0
./train/paper/paper07-093.png,0
./train/paper/paper07-094.png,0
./train/paper/paper07-095.png,0
./train/paper/paper07-096.png,0
./train/paper/paper07-097.png,0
./train/paper/paper07-098.png,0
./train/paper/paper07-099.png,0
./train/paper/paper07-100.png,0
./train/paper/paper07-101.png,0
./train/paper/paper07-102.png,0
./train/paper/paper07-103.png,0
./train/paper/paper07-104.png,0
./train/paper/paper07-105.png,0
./train/paper/paper07-106.png,0
./train/paper/paper07-107.png,0
./train/paper/paper07-108.png,0
./train/paper/paper07-109.png,0
./train/paper/paper07-110.png,0
./train/paper/paper07-111.png,0
./train/paper/paper07-112.png,0
./train/paper/paper07-113.png,0
./train/paper/paper07-114.png,0
./train/paper/paper07-115.png,0
./train/paper/paper07-116.png,0
./train/paper/paper07-117.png,0
./train/paper/paper07-118.png,0
./train/paper/paper07-119.png,0
./train/rock/rock01-000.png,1
./train/rock/rock01-001.png,1
./train/rock/rock01-002.png,1
./train/rock/rock01-003.png,1
./train/rock/rock01-004.png,1
./train/rock/rock01-005.png,1
./train/rock/rock01-006.png,1
./train/rock/rock01-007.png,1
./train/rock/rock01-008.png,1
./train/rock/rock01-009.png,1
./train/rock/rock01-010.png,1
./train/rock/rock01-011.png,1
./train/rock/rock01-012.png,1
./train/rock/rock01-013.png,1
./train/rock/rock01-014.png,1
./train/rock/rock01-015.png,1
./train/rock/rock01-016.png,1
./train/rock/rock01-017.png,1
./train/rock/rock01-018.png,1
./train/rock/rock01-019.png,1
./train/rock/rock01-020.png,1
./train/rock/rock01-021.png,1
./train/rock/rock01-022.png,1
./train/rock/rock01-023.png,1
./train/rock/rock01-024.png,1
./train/rock/rock01-025.png,1
./train/rock/rock01-026.png,1
./train/rock/rock01-027.png,1
./train/rock/rock01-028.png,1
./train/rock/rock01-029.png,1
./train/rock/rock01-030.png,1
./train/rock/rock01-031.png,1
./train/rock/rock01-032.png,1
./train/rock/rock01-033.png,1
./train/rock/rock01-034.png,1
./train/rock/rock01-035.png,1
./train/rock/rock01-036.png,1
./train/rock/rock01-037.png,1
./train/rock/rock01-038.png,1
./train/rock/rock01-039.png,1
./train/rock/rock01-040.png,1
./train/rock/rock01-041.png,1
./train/rock/rock01-042.png,1
./train/rock/rock01-043.png,1
./train/rock/rock01-044.png,1
./train/rock/rock01-045.png,1
./train/rock/rock01-046.png,1
./train/rock/rock01-047.png,1
./train/rock/rock01-048.png,1
./train/rock/rock01-049.png,1
./train/rock/rock01-050.png,1
./train/rock/rock01-051.png,1
./train/rock/rock01-052.png,1
./train/rock/rock01-053.png,1
./train/rock/rock01-054.png,1
./train/rock/rock01-055.png,1
./train/rock/rock01-056.png,1
./train/rock/rock01-057.png,1
./train/rock/rock01-058.png,1
./train/rock/rock01-059.png,1
./train/rock/rock01-060.png,1
./train/rock/rock01-061.png,1
./train/rock/rock01-062.png,1
./train/rock/rock01-063.png,1
./train/rock/rock01-064.png,1
./train/rock/rock01-065.png,1
./train/rock/rock01-066.png,1
./train/rock/rock01-067.png,1
./train/rock/rock01-068.png,1
./train/rock/rock01-069.png,1
./train/rock/rock01-070.png,1
./train/rock/rock01-071.png,1
./train/rock/rock01-072.png,1
./train/rock/rock01-073.png,1
./train/rock/rock01-074.png,1
./train/rock/rock01-075.png,1
./train/rock/rock01-076.png,1
./train/rock/rock01-077.png,1
./train/rock/rock01-078.png,1
./train/rock/rock01-079.png,1
./train/rock/rock01-080.png,1
./train/rock/rock01-081.png,1
./train/rock/rock01-082.png,1
./train/rock/rock01-083.png,1
./train/rock/rock01-084.png,1
./train/rock/rock01-085.png,1
./train/rock/rock01-086.png,1
./train/rock/rock01-087.png,1
./train/rock/rock01-088.png,1
./train/rock/rock01-089.png,1
./train/rock/rock01-090.png,1
./train/rock/rock01-091.png,1
./train/rock/rock01-092.png,1
./train/rock/rock01-093.png,1
./train/rock/rock01-094.png,1
./train/rock/rock01-095.png,1
./train/rock/rock01-096.png,1
./train/rock/rock01-097.png,1
./train/rock/rock01-098.png,1
./train/rock/rock01-099.png,1
./train/rock/rock01-100.png,1
./train/rock/rock01-101.png,1
./train/rock/rock01-102.png,1
./train/rock/rock01-103.png,1
./train/rock/rock01-104.png,1
./train/rock/rock01-105.png,1
./train/rock/rock01-106.png,1
./train/rock/rock01-107.png,1
./train/rock/rock01-108.png,1
./train/rock/rock01-109.png,1
./train/rock/rock01-110.png,1
./train/rock/rock01-111.png,1
./train/rock/rock01-112.png,1
./train/rock/rock01-113.png,1
./train/rock/rock01-114.png,1
./train/rock/rock01-115.png,1
./train/rock/rock01-116.png,1
./train/rock/rock01-117.png,1
./train/rock/rock01-118.png,1
./train/rock/rock01-119.png,1
./train/rock/rock02-000.png,1
./train/rock/rock02-001.png,1
./train/rock/rock02-002.png,1
./train/rock/rock02-003.png,1
./train/rock/rock02-004.png,1
./train/rock/rock02-005.png,1
./train/rock/rock02-006.png,1
./train/rock/rock02-007.png,1
./train/rock/rock02-008.png,1
./train/rock/rock02-009.png,1
./train/rock/rock02-010.png,1
./train/rock/rock02-011.png,1
./train/rock/rock02-012.png,1
./train/rock/rock02-013.png,1
./train/rock/rock02-014.png,1
./train/rock/rock02-015.png,1
./train/rock/rock02-016.png,1
./train/rock/rock02-017.png,1
./train/rock/rock02-018.png,1
./train/rock/rock02-019.png,1
./train/rock/rock02-020.png,1
./train/rock/rock02-021.png,1
./train/rock/rock02-022.png,1
./train/rock/rock02-023.png,1
./train/rock/rock02-024.png,1
./train/rock/rock02-025.png,1
./train/rock/rock02-026.png,1
./train/rock/rock02-027.png,1
./train/rock/rock02-028.png,1
./train/rock/rock02-029.png,1
./train/rock/rock02-030.png,1
./train/rock/rock02-031.png,1
./train/rock/rock02-032.png,1
./train/rock/rock02-033.png,1
./train/rock/rock02-034.png,1
./train/rock/rock02-035.png,1
./train/rock/rock02-036.png,1
./train/rock/rock02-037.png,1
./train/rock/rock02-038.png,1
./train/rock/rock02-039.png,1
./train/rock/rock02-040.png,1
./train/rock/rock02-041.png,1
./train/rock/rock02-042.png,1
./train/rock/rock02-043.png,1
./train/rock/rock02-044.png,1
./train/rock/rock02-045.png,1
./train/rock/rock02-046.png,1
./train/rock/rock02-047.png,1
./train/rock/rock02-048.png,1
./train/rock/rock02-049.png,1
./train/rock/rock02-050.png,1
./train/rock/rock02-051.png,1
./train/rock/rock02-052.png,1
./train/rock/rock02-053.png,1
./train/rock/rock02-054.png,1
./train/rock/rock02-055.png,1
./train/rock/rock02-056.png,1
./train/rock/rock02-057.png,1
./train/rock/rock02-058.png,1
./train/rock/rock02-059.png,1
./train/rock/rock02-060.png,1
./train/rock/rock02-061.png,1
./train/rock/rock02-062.png,1
./train/rock/rock02-063.png,1
./train/rock/rock02-064.png,1
./train/rock/rock02-065.png,1
./train/rock/rock02-066.png,1
./train/rock/rock02-067.png,1
./train/rock/rock02-068.png,1
./train/rock/rock02-069.png,1
./train/rock/rock02-070.png,1
./train/rock/rock02-071.png,1
./train/rock/rock02-072.png,1
./train/rock/rock02-073.png,1
./train/rock/rock02-074.png,1
./train/rock/rock02-075.png,1
./train/rock/rock02-076.png,1
./train/rock/rock02-077.png,1
./train/rock/rock02-078.png,1
./train/rock/rock02-079.png,1
./train/rock/rock02-080.png,1
./train/rock/rock02-081.png,1
./train/rock/rock02-082.png,1
./train/rock/rock02-083.png,1
./train/rock/rock02-084.png,1
./train/rock/rock02-085.png,1
./train/rock/rock02-086.png,1
./train/rock/rock02-087.png,1
./train/rock/rock02-088.png,1
./train/rock/rock02-089.png,1
./train/rock/rock02-090.png,1
./train/rock/rock02-091.png,1
./train/rock/rock02-092.png,1
./train/rock/rock02-093.png,1
./train/rock/rock02-094.png,1
./train/rock/rock02-095.png,1
./train/rock/rock02-096.png,1
./train/rock/rock02-097.png,1
./train/rock/rock02-098.png,1
./train/rock/rock02-099.png,1
./train/rock/rock02-100.png,1
./train/rock/rock02-101.png,1
./train/rock/rock02-102.png,1
./train/rock/rock02-103.png,1
./train/rock/rock02-104.png,1
./train/rock/rock02-105.png,1
./train/rock/rock02-106.png,1
./train/rock/rock02-107.png,1
./train/rock/rock02-108.png,1
./train/rock/rock02-109.png,1
./train/rock/rock02-110.png,1
./train/rock/rock02-111.png,1
./train/rock/rock02-112.png,1
./train/rock/rock02-113.png,1
./train/rock/rock02-114.png,1
./train/rock/rock02-115.png,1
./train/rock/rock02-116.png,1
./train/rock/rock02-117.png,1
./train/rock/rock02-118.png,1
./train/rock/rock02-119.png,1
./train/rock/rock03-000.png,1
./train/rock/rock03-001.png,1
./train/rock/rock03-002.png,1
./train/rock/rock03-003.png,1
./train/rock/rock03-004.png,1
./train/rock/rock03-005.png,1
./train/rock/rock03-006.png,1
./train/rock/rock03-007.png,1
./train/rock/rock03-008.png,1
./train/rock/rock03-009.png,1
./train/rock/rock03-010.png,1
./train/rock/rock03-011.png,1
./train/rock/rock03-012.png,1
./train/rock/rock03-013.png,1
./train/rock/rock03-014.png,1
./train/rock/rock03-015.png,1
./train/rock/rock03-016.png,1
./train/rock/rock03-017.png,1
./train/rock/rock03-018.png,1
./train/rock/rock03-019.png,1
./train/rock/rock03-020.png,1
./train/rock/rock03-021.png,1
./train/rock/rock03-022.png,1
./train/rock/rock03-023.png,1
./train/rock/rock03-024.png,1
./train/rock/rock03-025.png,1
./train/rock/rock03-026.png,1
./train/rock/rock03-027.png,1
./train/rock/rock03-028.png,1
./train/rock/rock03-029.png,1
./train/rock/rock03-030.png,1
./train/rock/rock03-031.png,1
./train/rock/rock03-032.png,1
./train/rock/rock03-033.png,1
./train/rock/rock03-034.png,1
./train/rock/rock03-035.png,1
./train/rock/rock03-036.png,1
./train/rock/rock03-037.png,1
./train/rock/rock03-038.png,1
./train/rock/rock03-039.png,1
./train/rock/rock03-040.png,1
./train/rock/rock03-041.png,1
./train/rock/rock03-042.png,1
./train/rock/rock03-043.png,1
./train/rock/rock03-044.png,1
./train/rock/rock03-045.png,1
./train/rock/rock03-046.png,1
./train/rock/rock03-047.png,1
./train/rock/rock03-048.png,1
./train/rock/rock03-049.png,1
./train/rock/rock03-050.png,1
./train/rock/rock03-051.png,1
./train/rock/rock03-052.png,1
./train/rock/rock03-053.png,1
./train/rock/rock03-054.png,1
./train/rock/rock03-055.png,1
./train/rock/rock03-056.png,1
./train/rock/rock03-057.png,1
./train/rock/rock03-058.png,1
./train/rock/rock03-059.png,1
./train/rock/rock03-060.png,1
./train/rock/rock03-061.png,1
./train/rock/rock03-062.png,1
./train/rock/rock03-063.png,1
./train/rock/rock03-064.png,1
./train/rock/rock03-065.png,1
./train/rock/rock03-066.png,1
./train/rock/rock03-067.png,1
./train/rock/rock03-068.png,1
./train/rock/rock03-069.png,1
./train/rock/rock03-070.png,1
./train/rock/rock03-071.png,1
./train/rock/rock03-072.png,1
./train/rock/rock03-073.png,1
./train/rock/rock03-074.png,1
./train/rock/rock03-075.png,1
./train/rock/rock03-076.png,1
./train/rock/rock03-077.png,1
./train/rock/rock03-078.png,1
./train/rock/rock03-079.png,1
./train/rock/rock03-080.png,1
./train/rock/rock03-081.png,1
./train/rock/rock03-082.png,1
./train/rock/rock03-083.png,1
./train/rock/rock03-084.png,1
./train/rock/rock03-085.png,1
./train/rock/rock03-086.png,1
./train/rock/rock03-087.png,1
./train/rock/rock03-088.png,1
./train/rock/rock03-089.png,1
./train/rock/rock03-090.png,1
./train/rock/rock03-091.png,1
./train/rock/rock03-092.png,1
./train/rock/rock03-093.png,1
./train/rock/rock03-094.png,1
./train/rock/rock03-095.png,1
./train/rock/rock03-096.png,1
./train/rock/rock03-097.png,1
./train/rock/rock03-098.png,1
./train/rock/rock03-099.png,1
./train/rock/rock03-100.png,1
./train/rock/rock03-101.png,1
./train/rock/rock03-102.png,1
./train/rock/rock03-103.png,1
./train/rock/rock03-104.png,1
./train/rock/rock03-105.png,1
./train/rock/rock03-106.png,1
./train/rock/rock03-107.png,1
./train/rock/rock03-108.png,1
./train/rock/rock03-109.png,1
./train/rock/rock03-110.png,1
./train/rock/rock03-111.png,1
./train/rock/rock03-112.png,1
./train/rock/rock03-113.png,1
./train/rock/rock03-114.png,1
./train/rock/rock03-115.png,1
./train/rock/rock03-116.png,1
./train/rock/rock03-117.png,1
./train/rock/rock03-118.png,1
./train/rock/rock03-119.png,1
./train/rock/rock04-000.png,1
./train/rock/rock04-001.png,1
./train/rock/rock04-002.png,1
./train/rock/rock04-003.png,1
./train/rock/rock04-004.png,1
./train/rock/rock04-005.png,1
./train/rock/rock04-006.png,1
./train/rock/rock04-007.png,1
./train/rock/rock04-008.png,1
./train/rock/rock04-009.png,1
./train/rock/rock04-010.png,1
./train/rock/rock04-011.png,1
./train/rock/rock04-012.png,1
./train/rock/rock04-013.png,1
./train/rock/rock04-014.png,1
./train/rock/rock04-015.png,1
./train/rock/rock04-016.png,1
./train/rock/rock04-017.png,1
./train/rock/rock04-018.png,1
./train/rock/rock04-019.png,1
./train/rock/rock04-020.png,1
./train/rock/rock04-021.png,1
./train/rock/rock04-022.png,1
./train/rock/rock04-023.png,1
./train/rock/rock04-024.png,1
./train/rock/rock04-025.png,1
./train/rock/rock04-026.png,1
./train/rock/rock04-027.png,1
./train/rock/rock04-028.png,1
./train/rock/rock04-029.png,1
./train/rock/rock04-030.png,1
./train/rock/rock04-031.png,1
./train/rock/rock04-032.png,1
./train/rock/rock04-033.png,1
./train/rock/rock04-034.png,1
./train/rock/rock04-035.png,1
./train/rock/rock04-036.png,1
./train/rock/rock04-037.png,1
./train/rock/rock04-038.png,1
./train/rock/rock04-039.png,1
./train/rock/rock04-040.png,1
./train/rock/rock04-041.png,1
./train/rock/rock04-042.png,1
./train/rock/rock04-043.png,1
./train/rock/rock04-044.png,1
./train/rock/rock04-045.png,1
./train/rock/rock04-046.png,1
./train/rock/rock04-047.png,1
./train/rock/rock04-048.png,1
./train/rock/rock04-049.png,1
./train/rock/rock04-050.png,1
./train/rock/rock04-051.png,1
./train/rock/rock04-052.png,1
./train/rock/rock04-053.png,1
./train/rock/rock04-054.png,1
./train/rock/rock04-055.png,1
./train/rock/rock04-056.png,1
./train/rock/rock04-057.png,1
./train/rock/rock04-058.png,1
./train/rock/rock04-059.png,1
./train/rock/rock04-060.png,1
./train/rock/rock04-061.png,1
./train/rock/rock04-062.png,1
./train/rock/rock04-063.png,1
./train/rock/rock04-064.png,1
./train/rock/rock04-065.png,1
./train/rock/rock04-066.png,1
./train/rock/rock04-067.png,1
./train/rock/rock04-068.png,1
./train/rock/rock04-069.png,1
./train/rock/rock04-070.png,1
./train/rock/rock04-071.png,1
./train/rock/rock04-072.png,1
./train/rock/rock04-073.png,1
./train/rock/rock04-074.png,1
./train/rock/rock04-075.png,1
./train/rock/rock04-076.png,1
./train/rock/rock04-077.png,1
./train/rock/rock04-078.png,1
./train/rock/rock04-079.png,1
./train/rock/rock04-080.png,1
./train/rock/rock04-081.png,1
./train/rock/rock04-082.png,1
./train/rock/rock04-083.png,1
./train/rock/rock04-084.png,1
./train/rock/rock04-085.png,1
./train/rock/rock04-086.png,1
./train/rock/rock04-087.png,1
./train/rock/rock04-088.png,1
./train/rock/rock04-089.png,1
./train/rock/rock04-090.png,1
./train/rock/rock04-091.png,1
./train/rock/rock04-092.png,1
./train/rock/rock04-093.png,1
./train/rock/rock04-094.png,1
./train/rock/rock04-095.png,1
./train/rock/rock04-096.png,1
./train/rock/rock04-097.png,1
./train/rock/rock04-098.png,1
./train/rock/rock04-099.png,1
./train/rock/rock04-100.png,1
./train/rock/rock04-101.png,1
./train/rock/rock04-102.png,1
./train/rock/rock04-103.png,1
./train/rock/rock04-104.png,1
./train/rock/rock04-105.png,1
./train/rock/rock04-106.png,1
./train/rock/rock04-107.png,1
./train/rock/rock04-108.png,1
./train/rock/rock04-109.png,1
./train/rock/rock04-110.png,1
./train/rock/rock04-111.png,1
./train/rock/rock04-112.png,1
./train/rock/rock04-113.png,1
./train/rock/rock04-114.png,1
./train/rock/rock04-115.png,1
./train/rock/rock04-116.png,1
./train/rock/rock04-117.png,1
./train/rock/rock04-118.png,1
./train/rock/rock04-119.png,1
./train/rock/rock05ck01-000.png,1
./train/rock/rock05ck01-001.png,1
./train/rock/rock05ck01-002.png,1
./train/rock/rock05ck01-003.png,1
./train/rock/rock05ck01-004.png,1
./train/rock/rock05ck01-005.png,1
./train/rock/rock05ck01-006.png,1
./train/rock/rock05ck01-007.png,1
./train/rock/rock05ck01-008.png,1
./train/rock/rock05ck01-009.png,1
./train/rock/rock05ck01-010.png,1
./train/rock/rock05ck01-011.png,1
./train/rock/rock05ck01-012.png,1
./train/rock/rock05ck01-013.png,1
./train/rock/rock05ck01-014.png,1
./train/rock/rock05ck01-015.png,1
./train/rock/rock05ck01-016.png,1
./train/rock/rock05ck01-017.png,1
./train/rock/rock05ck01-018.png,1
./train/rock/rock05ck01-019.png,1
./train/rock/rock05ck01-020.png,1
./train/rock/rock05ck01-021.png,1
./train/rock/rock05ck01-022.png,1
./train/rock/rock05ck01-023.png,1
./train/rock/rock05ck01-024.png,1
./train/rock/rock05ck01-025.png,1
./train/rock/rock05ck01-026.png,1
./train/rock/rock05ck01-027.png,1
./train/rock/rock05ck01-028.png,1
./train/rock/rock05ck01-029.png,1
./train/rock/rock05ck01-030.png,1
./train/rock/rock05ck01-031.png,1
./train/rock/rock05ck01-032.png,1
./train/rock/rock05ck01-033.png,1
./train/rock/rock05ck01-034.png,1
./train/rock/rock05ck01-035.png,1
./train/rock/rock05ck01-036.png,1
./train/rock/rock05ck01-037.png,1
./train/rock/rock05ck01-038.png,1
./train/rock/rock05ck01-039.png,1
./train/rock/rock05ck01-040.png,1
./train/rock/rock05ck01-041.png,1
./train/rock/rock05ck01-042.png,1
./train/rock/rock05ck01-043.png,1
./train/rock/rock05ck01-044.png,1
./train/rock/rock05ck01-045.png,1
./train/rock/rock05ck01-046.png,1
./train/rock/rock05ck01-047.png,1
./train/rock/rock05ck01-048.png,1
./train/rock/rock05ck01-049.png,1
./train/rock/rock05ck01-050.png,1
./train/rock/rock05ck01-051.png,1
./train/rock/rock05ck01-052.png,1
./train/rock/rock05ck01-053.png,1
./train/rock/rock05ck01-054.png,1
./train/rock/rock05ck01-055.png,1
./train/rock/rock05ck01-056.png,1
./train/rock/rock05ck01-057.png,1
./train/rock/rock05ck01-058.png,1
./train/rock/rock05ck01-059.png,1
./train/rock/rock05ck01-060.png,1
./train/rock/rock05ck01-061.png,1
./train/rock/rock05ck01-062.png,1
./train/rock/rock05ck01-063.png,1
./train/rock/rock05ck01-064.png,1
./train/rock/rock05ck01-065.png,1
./train/rock/rock05ck01-066.png,1
./train/rock/rock05ck01-067.png,1
./train/rock/rock05ck01-068.png,1
./train/rock/rock05ck01-069.png,1
./train/rock/rock05ck01-070.png,1
./train/rock/rock05ck01-071.png,1
./train/rock/rock05ck01-072.png,1
./train/rock/rock05ck01-073.png,1
./train/rock/rock05ck01-074.png,1
./train/rock/rock05ck01-075.png,1
./train/rock/rock05ck01-076.png,1
./train/rock/rock05ck01-077.png,1
./train/rock/rock05ck01-078.png,1
./train/rock/rock05ck01-079.png,1
./train/rock/rock05ck01-080.png,1
./train/rock/rock05ck01-081.png,1
./train/rock/rock05ck01-082.png,1
./train/rock/rock05ck01-083.png,1
./train/rock/rock05ck01-084.png,1
./train/rock/rock05ck01-085.png,1
./train/rock/rock05ck01-086.png,1
./train/rock/rock05ck01-087.png,1
./train/rock/rock05ck01-088.png,1
./train/rock/rock05ck01-089.png,1
./train/rock/rock05ck01-090.png,1
./train/rock/rock05ck01-091.png,1
./train/rock/rock05ck01-092.png,1
./train/rock/rock05ck01-093.png,1
./train/rock/rock05ck01-094.png,1
./train/rock/rock05ck01-095.png,1
./train/rock/rock05ck01-096.png,1
./train/rock/rock05ck01-097.png,1
./train/rock/rock05ck01-098.png,1
./train/rock/rock05ck01-099.png,1
./train/rock/rock05ck01-100.png,1
./train/rock/rock05ck01-101.png,1
./train/rock/rock05ck01-102.png,1
./train/rock/rock05ck01-103.png,1
./train/rock/rock05ck01-104.png,1
./train/rock/rock05ck01-105.png,1
./train/rock/rock05ck01-106.png,1
./train/rock/rock05ck01-107.png,1
./train/rock/rock05ck01-108.png,1
./train/rock/rock05ck01-109.png,1
./train/rock/rock05ck01-110.png,1
./train/rock/rock05ck01-111.png,1
./train/rock/rock05ck01-112.png,1
./train/rock/rock05ck01-113.png,1
./train/rock/rock05ck01-114.png,1
./train/rock/rock05ck01-115.png,1
./train/rock/rock05ck01-116.png,1
./train/rock/rock05ck01-117.png,1
./train/rock/rock05ck01-118.png,1
./train/rock/rock05ck01-119.png,1
./train/rock/rock06ck02-000.png,1
./train/rock/rock06ck02-001.png,1
./train/rock/rock06ck02-002.png,1
./train/rock/rock06ck02-003.png,1
./train/rock/rock06ck02-004.png,1
./train/rock/rock06ck02-005.png,1
./train/rock/rock06ck02-006.png,1
./train/rock/rock06ck02-007.png,1
./train/rock/rock06ck02-008.png,1
./train/rock/rock06ck02-009.png,1
./train/rock/rock06ck02-010.png,1
./train/rock/rock06ck02-011.png,1
./train/rock/rock06ck02-012.png,1
./train/rock/rock06ck02-013.png,1
./train/rock/rock06ck02-014.png,1
./train/rock/rock06ck02-015.png,1
./train/rock/rock06ck02-016.png,1
./train/rock/rock06ck02-017.png,1
./train/rock/rock06ck02-018.png,1
./train/rock/rock06ck02-019.png,1
./train/rock/rock06ck02-020.png,1
./train/rock/rock06ck02-021.png,1
./train/rock/rock06ck02-022.png,1
./train/rock/rock06ck02-023.png,1
./train/rock/rock06ck02-024.png,1
./train/rock/rock06ck02-025.png,1
./train/rock/rock06ck02-026.png,1
./train/rock/rock06ck02-027.png,1
./train/rock/rock06ck02-028.png,1
./train/rock/rock06ck02-029.png,1
./train/rock/rock06ck02-030.png,1
./train/rock/rock06ck02-031.png,1
./train/rock/rock06ck02-032.png,1
./train/rock/rock06ck02-033.png,1
./train/rock/rock06ck02-034.png,1
./train/rock/rock06ck02-035.png,1
./train/rock/rock06ck02-036.png,1
./train/rock/rock06ck02-037.png,1
./train/rock/rock06ck02-038.png,1
./train/rock/rock06ck02-039.png,1
./train/rock/rock06ck02-040.png,1
./train/rock/rock06ck02-041.png,1
./train/rock/rock06ck02-042.png,1
./train/rock/rock06ck02-043.png,1
./train/rock/rock06ck02-044.png,1
./train/rock/rock06ck02-045.png,1
./train/rock/rock06ck02-046.png,1
./train/rock/rock06ck02-047.png,1
./train/rock/rock06ck02-048.png,1
./train/rock/rock06ck02-049.png,1
./train/rock/rock06ck02-050.png,1
./train/rock/rock06ck02-051.png,1
./train/rock/rock06ck02-052.png,1
./train/rock/rock06ck02-053.png,1
./train/rock/rock06ck02-054.png,1
./train/rock/rock06ck02-055.png,1
./train/rock/rock06ck02-056.png,1
./train/rock/rock06ck02-057.png,1
./train/rock/rock06ck02-058.png,1
./train/rock/rock06ck02-059.png,1
./train/rock/rock06ck02-060.png,1
./train/rock/rock06ck02-061.png,1
./train/rock/rock06ck02-062.png,1
./train/rock/rock06ck02-063.png,1
./train/rock/rock06ck02-064.png,1
./train/rock/rock06ck02-065.png,1
./train/rock/rock06ck02-066.png,1
./train/rock/rock06ck02-067.png,1
./train/rock/rock06ck02-068.png,1
./train/rock/rock06ck02-069.png,1
./train/rock/rock06ck02-070.png,1
./train/rock/rock06ck02-071.png,1
./train/rock/rock06ck02-072.png,1
./train/rock/rock06ck02-073.png,1
./train/rock/rock06ck02-074.png,1
./train/rock/rock06ck02-075.png,1
./train/rock/rock06ck02-076.png,1
./train/rock/rock06ck02-077.png,1
./train/rock/rock06ck02-078.png,1
./train/rock/rock06ck02-079.png,1
./train/rock/rock06ck02-080.png,1
./train/rock/rock06ck02-081.png,1
./train/rock/rock06ck02-082.png,1
./train/rock/rock06ck02-083.png,1
./train/rock/rock06ck02-084.png,1
./train/rock/rock06ck02-085.png,1
./train/rock/rock06ck02-086.png,1
./train/rock/rock06ck02-087.png,1
./train/rock/rock06ck02-088.png,1
./train/rock/rock06ck02-089.png,1
./train/rock/rock06ck02-090.png,1
./train/rock/rock06ck02-091.png,1
./train/rock/rock06ck02-092.png,1
./train/rock/rock06ck02-093.png,1
./train/rock/rock06ck02-094.png,1
./train/rock/rock06ck02-095.png,1
./train/rock/rock06ck02-096.png,1
./train/rock/rock06ck02-097.png,1
./train/rock/rock06ck02-098.png,1
./train/rock/rock06ck02-099.png,1
./train/rock/rock06ck02-100.png,1
./train/rock/rock06ck02-101.png,1
./train/rock/rock06ck02-102.png,1
./train/rock/rock06ck02-103.png,1
./train/rock/rock06ck02-104.png,1
./train/rock/rock06ck02-105.png,1
./train/rock/rock06ck02-106.png,1
./train/rock/rock06ck02-107.png,1
./train/rock/rock06ck02-108.png,1
./train/rock/rock06ck02-109.png,1
./train/rock/rock06ck02-110.png,1
./train/rock/rock06ck02-111.png,1
./train/rock/rock06ck02-112.png,1
./train/rock/rock06ck02-113.png,1
./train/rock/rock06ck02-114.png,1
./train/rock/rock06ck02-115.png,1
./train/rock/rock06ck02-116.png,1
./train/rock/rock06ck02-117.png,1
./train/rock/rock06ck02-118.png,1
./train/rock/rock06ck02-119.png,1
./train/rock/rock07-k03-000.png,1
./train/rock/rock07-k03-001.png,1
./train/rock/rock07-k03-002.png,1
./train/rock/rock07-k03-003.png,1
./train/rock/rock07-k03-004.png,1
./train/rock/rock07-k03-005.png,1
./train/rock/rock07-k03-006.png,1
./train/rock/rock07-k03-007.png,1
./train/rock/rock07-k03-008.png,1
./train/rock/rock07-k03-009.png,1
./train/rock/rock07-k03-010.png,1
./train/rock/rock07-k03-011.png,1
./train/rock/rock07-k03-012.png,1
./train/rock/rock07-k03-013.png,1
./train/rock/rock07-k03-014.png,1
./train/rock/rock07-k03-015.png,1
./train/rock/rock07-k03-016.png,1
./train/rock/rock07-k03-017.png,1
./train/rock/rock07-k03-018.png,1
./train/rock/rock07-k03-019.png,1
./train/rock/rock07-k03-020.png,1
./train/rock/rock07-k03-021.png,1
./train/rock/rock07-k03-022.png,1
./train/rock/rock07-k03-023.png,1
./train/rock/rock07-k03-024.png,1
./train/rock/rock07-k03-025.png,1
./train/rock/rock07-k03-026.png,1
./train/rock/rock07-k03-027.png,1
./train/rock/rock07-k03-028.png,1
./train/rock/rock07-k03-029.png,1
./train/rock/rock07-k03-030.png,1
./train/rock/rock07-k03-031.png,1
./train/rock/rock07-k03-032.png,1
./train/rock/rock07-k03-033.png,1
./train/rock/rock07-k03-034.png,1
./train/rock/rock07-k03-035.png,1
./train/rock/rock07-k03-036.png,1
./train/rock/rock07-k03-037.png,1
./train/rock/rock07-k03-038.png,1
./train/rock/rock07-k03-039.png,1
./train/rock/rock07-k03-040.png,1
./train/rock/rock07-k03-041.png,1
./train/rock/rock07-k03-042.png,1
./train/rock/rock07-k03-043.png,1
./train/rock/rock07-k03-044.png,1
./train/rock/rock07-k03-045.png,1
./train/rock/rock07-k03-046.png,1
./train/rock/rock07-k03-047.png,1
./train/rock/rock07-k03-048.png,1
./train/rock/rock07-k03-049.png,1
./train/rock/rock07-k03-050.png,1
./train/rock/rock07-k03-051.png,1
./train/rock/rock07-k03-052.png,1
./train/rock/rock07-k03-053.png,1
./train/rock/rock07-k03-054.png,1
./train/rock/rock07-k03-055.png,1
./train/rock/rock07-k03-056.png,1
./train/rock/rock07-k03-057.png,1
./train/rock/rock07-k03-058.png,1
./train/rock/rock07-k03-059.png,1
./train/rock/rock07-k03-060.png,1
./train/rock/rock07-k03-061.png,1
./train/rock/rock07-k03-062.png,1
./train/rock/rock07-k03-063.png,1
./train/rock/rock07-k03-064.png,1
./train/rock/rock07-k03-065.png,1
./train/rock/rock07-k03-066.png,1
./train/rock/rock07-k03-067.png,1
./train/rock/rock07-k03-068.png,1
./train/rock/rock07-k03-069.png,1
./train/rock/rock07-k03-070.png,1
./train/rock/rock07-k03-071.png,1
./train/rock/rock07-k03-072.png,1
./train/rock/rock07-k03-073.png,1
./train/rock/rock07-k03-074.png,1
./train/rock/rock07-k03-075.png,1
./train/rock/rock07-k03-076.png,1
./train/rock/rock07-k03-077.png,1
./train/rock/rock07-k03-078.png,1
./train/rock/rock07-k03-079.png,1
./train/rock/rock07-k03-080.png,1
./train/rock/rock07-k03-081.png,1
./train/rock/rock07-k03-082.png,1
./train/rock/rock07-k03-083.png,1
./train/rock/rock07-k03-084.png,1
./train/rock/rock07-k03-085.png,1
./train/rock/rock07-k03-086.png,1
./train/rock/rock07-k03-087.png,1
./train/rock/rock07-k03-088.png,1
./train/rock/rock07-k03-089.png,1
./train/rock/rock07-k03-090.png,1
./train/rock/rock07-k03-091.png,1
./train/rock/rock07-k03-092.png,1
./train/rock/rock07-k03-093.png,1
./train/rock/rock07-k03-094.png,1
./train/rock/rock07-k03-095.png,1
./train/rock/rock07-k03-096.png,1
./train/rock/rock07-k03-097.png,1
./train/rock/rock07-k03-098.png,1
./train/rock/rock07-k03-099.png,1
./train/rock/rock07-k03-100.png,1
./train/rock/rock07-k03-101.png,1
./train/rock/rock07-k03-102.png,1
./train/rock/rock07-k03-103.png,1
./train/rock/rock07-k03-104.png,1
./train/rock/rock07-k03-105.png,1
./train/rock/rock07-k03-106.png,1
./train/rock/rock07-k03-107.png,1
./train/rock/rock07-k03-108.png,1
./train/rock/rock07-k03-109.png,1
./train/rock/rock07-k03-110.png,1
./train/rock/rock07-k03-111.png,1
./train/rock/rock07-k03-112.png,1
./train/rock/rock07-k03-113.png,1
./train/rock/rock07-k03-114.png,1
./train/rock/rock07-k03-115.png,1
./train/rock/rock07-k03-116.png,1
./train/rock/rock07-k03-117.png,1
./train/rock/rock07-k03-118.png,1
./train/rock/rock07-k03-119.png,1
./train/scissors/scissors01-000.png,2
./train/scissors/scissors01-001.png,2
./train/scissors/scissors01-002.png,2
./train/scissors/scissors01-003.png,2
./train/scissors/scissors01-004.png,2
./train/scissors/scissors01-005.png,2
./train/scissors/scissors01-006.png,2
./train/scissors/scissors01-007.png,2
./train/scissors/scissors01-008.png,2
./train/scissors/scissors01-009.png,2
./train/scissors/scissors01-010.png,2
./train/scissors/scissors01-011.png,2
./train/scissors/scissors01-012.png,2
./train/scissors/scissors01-013.png,2
./train/scissors/scissors01-014.png,2
./train/scissors/scissors01-015.png,2
./train/scissors/scissors01-016.png,2
./train/scissors/scissors01-017.png,2
./train/scissors/scissors01-018.png,2
./train/scissors/scissors01-019.png,2
./train/scissors/scissors01-020.png,2
./train/scissors/scissors01-021.png,2
./train/scissors/scissors01-022.png,2
./train/scissors/scissors01-023.png,2
./train/scissors/scissors01-024.png,2
./train/scissors/scissors01-025.png,2
./train/scissors/scissors01-026.png,2
./train/scissors/scissors01-027.png,2
./train/scissors/scissors01-028.png,2
./train/scissors/scissors01-029.png,2
./train/scissors/scissors01-030.png,2
./train/scissors/scissors01-031.png,2
./train/scissors/scissors01-032.png,2
./train/scissors/scissors01-033.png,2
./train/scissors/scissors01-034.png,2
./train/scissors/scissors01-035.png,2
./train/scissors/scissors01-036.png,2
./train/scissors/scissors01-037.png,2
./train/scissors/scissors01-038.png,2
./train/scissors/scissors01-039.png,2
./train/scissors/scissors01-040.png,2
./train/scissors/scissors01-041.png,2
./train/scissors/scissors01-042.png,2
./train/scissors/scissors01-043.png,2
./train/scissors/scissors01-044.png,2
./train/scissors/scissors01-045.png,2
./train/scissors/scissors01-046.png,2
./train/scissors/scissors01-047.png,2
./train/scissors/scissors01-048.png,2
./train/scissors/scissors01-049.png,2
./train/scissors/scissors01-050.png,2
./train/scissors/scissors01-051.png,2
./train/scissors/scissors01-052.png,2
./train/scissors/scissors01-053.png,2
./train/scissors/scissors01-054.png,2
./train/scissors/scissors01-055.png,2
./train/scissors/scissors01-056.png,2
./train/scissors/scissors01-057.png,2
./train/scissors/scissors01-058.png,2
./train/scissors/scissors01-059.png,2
./train/scissors/scissors01-060.png,2
./train/scissors/scissors01-061.png,2
./train/scissors/scissors01-062.png,2
./train/scissors/scissors01-063.png,2
./train/scissors/scissors01-064.png,2
./train/scissors/scissors01-065.png,2
./train/scissors/scissors01-066.png,2
./train/scissors/scissors01-067.png,2
./train/scissors/scissors01-068.png,2
./train/scissors/scissors01-069.png,2
./train/scissors/scissors01-070.png,2
./train/scissors/scissors01-071.png,2
./train/scissors/scissors01-072.png,2
./train/scissors/scissors01-073.png,2
./train/scissors/scissors01-074.png,2
./train/scissors/scissors01-075.png,2
./train/scissors/scissors01-076.png,2
./train/scissors/scissors01-077.png,2
./train/scissors/scissors01-078.png,2
./train/scissors/scissors01-079.png,2
./train/scissors/scissors01-080.png,2
./train/scissors/scissors01-081.png,2
./train/scissors/scissors01-082.png,2
./train/scissors/scissors01-083.png,2
./train/scissors/scissors01-084.png,2
./train/scissors/scissors01-085.png,2
./train/scissors/scissors01-086.png,2
./train/scissors/scissors01-087.png,2
./train/scissors/scissors01-088.png,2
./train/scissors/scissors01-089.png,2
./train/scissors/scissors01-090.png,2
./train/scissors/scissors01-091.png,2
./train/scissors/scissors01-092.png,2
./train/scissors/scissors01-093.png,2
./train/scissors/scissors01-094.png,2
./train/scissors/scissors01-095.png,2
./train/scissors/scissors01-096.png,2
./train/scissors/scissors01-097.png,2
./train/scissors/scissors01-098.png,2
./train/scissors/scissors01-099.png,2
./train/scissors/scissors01-100.png,2
./train/scissors/scissors01-101.png,2
./train/scissors/scissors01-102.png,2
./train/scissors/scissors01-103.png,2
./train/scissors/scissors01-104.png,2
./train/scissors/scissors01-105.png,2
./train/scissors/scissors01-106.png,2
./train/scissors/scissors01-107.png,2
./train/scissors/scissors01-108.png,2
./train/scissors/scissors01-109.png,2
./train/scissors/scissors01-110.png,2
./train/scissors/scissors01-111.png,2
./train/scissors/scissors01-112.png,2
./train/scissors/scissors01-113.png,2
./train/scissors/scissors01-114.png,2
./train/scissors/scissors01-115.png,2
./train/scissors/scissors01-116.png,2
./train/scissors/scissors01-117.png,2
./train/scissors/scissors01-118.png,2
./train/scissors/scissors01-119.png,2
./train/scissors/scissors02-000.png,2
./train/scissors/scissors02-001.png,2
./train/scissors/scissors02-002.png,2
./train/scissors/scissors02-003.png,2
./train/scissors/scissors02-004.png,2
./train/scissors/scissors02-005.png,2
./train/scissors/scissors02-006.png,2
./train/scissors/scissors02-007.png,2
./train/scissors/scissors02-008.png,2
./train/scissors/scissors02-009.png,2
./train/scissors/scissors02-010.png,2
./train/scissors/scissors02-011.png,2
./train/scissors/scissors02-012.png,2
./train/scissors/scissors02-013.png,2
./train/scissors/scissors02-014.png,2
./train/scissors/scissors02-015.png,2
./train/scissors/scissors02-016.png,2
./train/scissors/scissors02-017.png,2
./train/scissors/scissors02-018.png,2
./train/scissors/scissors02-019.png,2
./train/scissors/scissors02-020.png,2
./train/scissors/scissors02-021.png,2
./train/scissors/scissors02-022.png,2
./train/scissors/scissors02-023.png,2
./train/scissors/scissors02-024.png,2
./train/scissors/scissors02-025.png,2
./train/scissors/scissors02-026.png,2
./train/scissors/scissors02-027.png,2
./train/scissors/scissors02-028.png,2
./train/scissors/scissors02-029.png,2
./train/scissors/scissors02-030.png,2
./train/scissors/scissors02-031.png,2
./train/scissors/scissors02-032.png,2
./train/scissors/scissors02-033.png,2
./train/scissors/scissors02-034.png,2
./train/scissors/scissors02-035.png,2
./train/scissors/scissors02-036.png,2
./train/scissors/scissors02-037.png,2
./train/scissors/scissors02-038.png,2
./train/scissors/scissors02-039.png,2
./train/scissors/scissors02-040.png,2
./train/scissors/scissors02-041.png,2
./train/scissors/scissors02-042.png,2
./train/scissors/scissors02-043.png,2
./train/scissors/scissors02-044.png,2
./train/scissors/scissors02-045.png,2
./train/scissors/scissors02-046.png,2
./train/scissors/scissors02-047.png,2
./train/scissors/scissors02-048.png,2
./train/scissors/scissors02-049.png,2
./train/scissors/scissors02-050.png,2
./train/scissors/scissors02-051.png,2
./train/scissors/scissors02-052.png,2
./train/scissors/scissors02-053.png,2
./train/scissors/scissors02-054.png,2
./train/scissors/scissors02-055.png,2
./train/scissors/scissors02-056.png,2
./train/scissors/scissors02-057.png,2
./train/scissors/scissors02-058.png,2
./train/scissors/scissors02-059.png,2
./train/scissors/scissors02-060.png,2
./train/scissors/scissors02-061.png,2
./train/scissors/scissors02-062.png,2
./train/scissors/scissors02-063.png,2
./train/scissors/scissors02-064.png,2
./train/scissors/scissors02-065.png,2
./train/scissors/scissors02-066.png,2
./train/scissors/scissors02-067.png,2
./train/scissors/scissors02-068.png,2
./train/scissors/scissors02-069.png,2
./train/scissors/scissors02-070.png,2
./train/scissors/scissors02-071.png,2
./train/scissors/scissors02-072.png,2
./train/scissors/scissors02-073.png,2
./train/scissors/scissors02-074.png,2
./train/scissors/scissors02-075.png,2
./train/scissors/scissors02-076.png,2
./train/scissors/scissors02-077.png,2
./train/scissors/scissors02-078.png,2
./train/scissors/scissors02-079.png,2
./train/scissors/scissors02-080.png,2
./train/scissors/scissors02-081.png,2
./train/scissors/scissors02-082.png,2
./train/scissors/scissors02-083.png,2
./train/scissors/scissors02-084.png,2
./train/scissors/scissors02-085.png,2
./train/scissors/scissors02-086.png,2
./train/scissors/scissors02-087.png,2
./train/scissors/scissors02-088.png,2
./train/scissors/scissors02-089.png,2
./train/scissors/scissors02-090.png,2
./train/scissors/scissors02-091.png,2
./train/scissors/scissors02-092.png,2
./train/scissors/scissors02-093.png,2
./train/scissors/scissors02-094.png,2
./train/scissors/scissors02-095.png,2
./train/scissors/scissors02-096.png,2
./train/scissors/scissors02-097.png,2
./train/scissors/scissors02-098.png,2
./train/scissors/scissors02-099.png,2
./train/scissors/scissors02-100.png,2
./train/scissors/scissors02-101.png,2
./train/scissors/scissors02-102.png,2
./train/scissors/scissors02-103.png,2
./train/scissors/scissors02-104.png,2
./train/scissors/scissors02-105.png,2
./train/scissors/scissors02-106.png,2
./train/scissors/scissors02-107.png,2
./train/scissors/scissors02-108.png,2
./train/scissors/scissors02-109.png,2
./train/scissors/scissors02-110.png,2
./train/scissors/scissors02-111.png,2
./train/scissors/scissors02-112.png,2
./train/scissors/scissors02-113.png,2
./train/scissors/scissors02-114.png,2
./train/scissors/scissors02-115.png,2
./train/scissors/scissors02-116.png,2
./train/scissors/scissors02-117.png,2
./train/scissors/scissors02-118.png,2
./train/scissors/scissors02-119.png,2
./train/scissors/scissors03-000.png,2
./train/scissors/scissors03-001.png,2
./train/scissors/scissors03-002.png,2
./train/scissors/scissors03-003.png,2
./train/scissors/scissors03-004.png,2
./train/scissors/scissors03-005.png,2
./train/scissors/scissors03-006.png,2
./train/scissors/scissors03-007.png,2
./train/scissors/scissors03-008.png,2
./train/scissors/scissors03-009.png,2
./train/scissors/scissors03-010.png,2
./train/scissors/scissors03-011.png,2
./train/scissors/scissors03-012.png,2
./train/scissors/scissors03-013.png,2
./train/scissors/scissors03-014.png,2
./train/scissors/scissors03-015.png,2
./train/scissors/scissors03-016.png,2
./train/scissors/scissors03-017.png,2
./train/scissors/scissors03-018.png,2
./train/scissors/scissors03-019.png,2
./train/scissors/scissors03-020.png,2
./train/scissors/scissors03-021.png,2
./train/scissors/scissors03-022.png,2
./train/scissors/scissors03-023.png,2
./train/scissors/scissors03-024.png,2
./train/scissors/scissors03-025.png,2
./train/scissors/scissors03-026.png,2
./train/scissors/scissors03-027.png,2
./train/scissors/scissors03-028.png,2
./train/scissors/scissors03-029.png,2
./train/scissors/scissors03-030.png,2
./train/scissors/scissors03-031.png,2
./train/scissors/scissors03-032.png,2
./train/scissors/scissors03-033.png,2
./train/scissors/scissors03-034.png,2
./train/scissors/scissors03-035.png,2
./train/scissors/scissors03-036.png,2
./train/scissors/scissors03-037.png,2
./train/scissors/scissors03-038.png,2
./train/scissors/scissors03-039.png,2
./train/scissors/scissors03-040.png,2
./train/scissors/scissors03-041.png,2
./train/scissors/scissors03-042.png,2
./train/scissors/scissors03-043.png,2
./train/scissors/scissors03-044.png,2
./train/scissors/scissors03-045.png,2
./train/scissors/scissors03-046.png,2
./train/scissors/scissors03-047.png,2
./train/scissors/scissors03-048.png,2
./train/scissors/scissors03-049.png,2
./train/scissors/scissors03-050.png,2
./train/scissors/scissors03-051.png,2
./train/scissors/scissors03-052.png,2
./train/scissors/scissors03-053.png,2
./train/scissors/scissors03-054.png,2
./train/scissors/scissors03-055.png,2
./train/scissors/scissors03-056.png,2
./train/scissors/scissors03-057.png,2
./train/scissors/scissors03-058.png,2
./train/scissors/scissors03-059.png,2
./train/scissors/scissors03-060.png,2
./train/scissors/scissors03-061.png,2
./train/scissors/scissors03-062.png,2
./train/scissors/scissors03-063.png,2
./train/scissors/scissors03-064.png,2
./train/scissors/scissors03-065.png,2
./train/scissors/scissors03-066.png,2
./train/scissors/scissors03-067.png,2
./train/scissors/scissors03-068.png,2
./train/scissors/scissors03-069.png,2
./train/scissors/scissors03-070.png,2
./train/scissors/scissors03-071.png,2
./train/scissors/scissors03-072.png,2
./train/scissors/scissors03-073.png,2
./train/scissors/scissors03-074.png,2
./train/scissors/scissors03-075.png,2
./train/scissors/scissors03-076.png,2
./train/scissors/scissors03-077.png,2
./train/scissors/scissors03-078.png,2
./train/scissors/scissors03-079.png,2
./train/scissors/scissors03-080.png,2
./train/scissors/scissors03-081.png,2
./train/scissors/scissors03-082.png,2
./train/scissors/scissors03-083.png,2
./train/scissors/scissors03-084.png,2
./train/scissors/scissors03-085.png,2
./train/scissors/scissors03-086.png,2
./train/scissors/scissors03-087.png,2
./train/scissors/scissors03-088.png,2
./train/scissors/scissors03-089.png,2
./train/scissors/scissors03-090.png,2
./train/scissors/scissors03-091.png,2
./train/scissors/scissors03-092.png,2
./train/scissors/scissors03-093.png,2
./train/scissors/scissors03-094.png,2
./train/scissors/scissors03-095.png,2
./train/scissors/scissors03-096.png,2
./train/scissors/scissors03-097.png,2
./train/scissors/scissors03-098.png,2
./train/scissors/scissors03-099.png,2
./train/scissors/scissors03-100.png,2
./train/scissors/scissors03-101.png,2
./train/scissors/scissors03-102.png,2
./train/scissors/scissors03-103.png,2
./train/scissors/scissors03-104.png,2
./train/scissors/scissors03-105.png,2
./train/scissors/scissors03-106.png,2
./train/scissors/scissors03-107.png,2
./train/scissors/scissors03-108.png,2
./train/scissors/scissors03-109.png,2
./train/scissors/scissors03-110.png,2
./train/scissors/scissors03-111.png,2
./train/scissors/scissors03-112.png,2
./train/scissors/scissors03-113.png,2
./train/scissors/scissors03-114.png,2
./train/scissors/scissors03-115.png,2
./train/scissors/scissors03-116.png,2
./train/scissors/scissors03-117.png,2
./train/scissors/scissors03-118.png,2
./train/scissors/scissors03-119.png,2
./train/scissors/scissors04-000.png,2
./train/scissors/scissors04-001.png,2
./train/scissors/scissors04-002.png,2
./train/scissors/scissors04-003.png,2
./train/scissors/scissors04-004.png,2
./train/scissors/scissors04-005.png,2
./train/scissors/scissors04-006.png,2
./train/scissors/scissors04-007.png,2
./train/scissors/scissors04-008.png,2
./train/scissors/scissors04-009.png,2
./train/scissors/scissors04-010.png,2
./train/scissors/scissors04-011.png,2
./train/scissors/scissors04-012.png,2
./train/scissors/scissors04-013.png,2
./train/scissors/scissors04-014.png,2
./train/scissors/scissors04-015.png,2
./train/scissors/scissors04-016.png,2
./train/scissors/scissors04-017.png,2
./train/scissors/scissors04-018.png,2
./train/scissors/scissors04-019.png,2
./train/scissors/scissors04-020.png,2
./train/scissors/scissors04-021.png,2
./train/scissors/scissors04-022.png,2
./train/scissors/scissors04-023.png,2
./train/scissors/scissors04-024.png,2
./train/scissors/scissors04-025.png,2
./train/scissors/scissors04-026.png,2
./train/scissors/scissors04-027.png,2
./train/scissors/scissors04-028.png,2
./train/scissors/scissors04-029.png,2
./train/scissors/scissors04-030.png,2
./train/scissors/scissors04-031.png,2
./train/scissors/scissors04-032.png,2
./train/scissors/scissors04-033.png,2
./train/scissors/scissors04-034.png,2
./train/scissors/scissors04-035.png,2
./train/scissors/scissors04-036.png,2
./train/scissors/scissors04-037.png,2
./train/scissors/scissors04-038.png,2
./train/scissors/scissors04-039.png,2
./train/scissors/scissors04-040.png,2
./train/scissors/scissors04-041.png,2
./train/scissors/scissors04-042.png,2
./train/scissors/scissors04-043.png,2
./train/scissors/scissors04-044.png,2
./train/scissors/scissors04-045.png,2
./train/scissors/scissors04-046.png,2
./train/scissors/scissors04-047.png,2
./train/scissors/scissors04-048.png,2
./train/scissors/scissors04-049.png,2
./train/scissors/scissors04-050.png,2
./train/scissors/scissors04-051.png,2
./train/scissors/scissors04-052.png,2
./train/scissors/scissors04-053.png,2
./train/scissors/scissors04-054.png,2
./train/scissors/scissors04-055.png,2
./train/scissors/scissors04-056.png,2
./train/scissors/scissors04-057.png,2
./train/scissors/scissors04-058.png,2
./train/scissors/scissors04-059.png,2
./train/scissors/scissors04-060.png,2
./train/scissors/scissors04-061.png,2
./train/scissors/scissors04-062.png,2
./train/scissors/scissors04-063.png,2
./train/scissors/scissors04-064.png,2
./train/scissors/scissors04-065.png,2
./train/scissors/scissors04-066.png,2
./train/scissors/scissors04-067.png,2
./train/scissors/scissors04-068.png,2
./train/scissors/scissors04-069.png,2
./train/scissors/scissors04-070.png,2
./train/scissors/scissors04-071.png,2
./train/scissors/scissors04-072.png,2
./train/scissors/scissors04-073.png,2
./train/scissors/scissors04-074.png,2
./train/scissors/scissors04-075.png,2
./train/scissors/scissors04-076.png,2
./train/scissors/scissors04-077.png,2
./train/scissors/scissors04-078.png,2
./train/scissors/scissors04-079.png,2
./train/scissors/scissors04-080.png,2
./train/scissors/scissors04-081.png,2
./train/scissors/scissors04-082.png,2
./train/scissors/scissors04-083.png,2
./train/scissors/scissors04-084.png,2
./train/scissors/scissors04-085.png,2
./train/scissors/scissors04-086.png,2
./train/scissors/scissors04-087.png,2
./train/scissors/scissors04-088.png,2
./train/scissors/scissors04-089.png,2
./train/scissors/scissors04-090.png,2
./train/scissors/scissors04-091.png,2
./train/scissors/scissors04-092.png,2
./train/scissors/scissors04-093.png,2
./train/scissors/scissors04-094.png,2
./train/scissors/scissors04-095.png,2
./train/scissors/scissors04-096.png,2
./train/scissors/scissors04-097.png,2
./train/scissors/scissors04-098.png,2
./train/scissors/scissors04-099.png,2
./train/scissors/scissors04-100.png,2
./train/scissors/scissors04-101.png,2
./train/scissors/scissors04-102.png,2
./train/scissors/scissors04-103.png,2
./train/scissors/scissors04-104.png,2
./train/scissors/scissors04-105.png,2
./train/scissors/scissors04-106.png,2
./train/scissors/scissors04-107.png,2
./train/scissors/scissors04-108.png,2
./train/scissors/scissors04-109.png,2
./train/scissors/scissors04-110.png,2
./train/scissors/scissors04-111.png,2
./train/scissors/scissors04-112.png,2
./train/scissors/scissors04-113.png,2
./train/scissors/scissors04-114.png,2
./train/scissors/scissors04-115.png,2
./train/scissors/scissors04-116.png,2
./train/scissors/scissors04-117.png,2
./train/scissors/scissors04-118.png,2
./train/scissors/scissors04-119.png,2
./train/scissors/testscissors01-000.png,2
./train/scissors/testscissors01-001.png,2
./train/scissors/testscissors01-002.png,2
./train/scissors/testscissors01-003.png,2
./train/scissors/testscissors01-004.png,2
./train/scissors/testscissors01-005.png,2
./train/scissors/testscissors01-006.png,2
./train/scissors/testscissors01-007.png,2
./train/scissors/testscissors01-008.png,2
./train/scissors/testscissors01-009.png,2
./train/scissors/testscissors01-010.png,2
./train/scissors/testscissors01-011.png,2
./train/scissors/testscissors01-012.png,2
./train/scissors/testscissors01-013.png,2
./train/scissors/testscissors01-014.png,2
./train/scissors/testscissors01-015.png,2
./train/scissors/testscissors01-016.png,2
./train/scissors/testscissors01-017.png,2
./train/scissors/testscissors01-018.png,2
./train/scissors/testscissors01-019.png,2
./train/scissors/testscissors01-020.png,2
./train/scissors/testscissors01-021.png,2
./train/scissors/testscissors01-022.png,2
./train/scissors/testscissors01-023.png,2
./train/scissors/testscissors01-024.png,2
./train/scissors/testscissors01-025.png,2
./train/scissors/testscissors01-026.png,2
./train/scissors/testscissors01-027.png,2
./train/scissors/testscissors01-028.png,2
./train/scissors/testscissors01-029.png,2
./train/scissors/testscissors01-030.png,2
./train/scissors/testscissors01-031.png,2
./train/scissors/testscissors01-032.png,2
./train/scissors/testscissors01-033.png,2
./train/scissors/testscissors01-034.png,2
./train/scissors/testscissors01-035.png,2
./train/scissors/testscissors01-036.png,2
./train/scissors/testscissors01-037.png,2
./train/scissors/testscissors01-038.png,2
./train/scissors/testscissors01-039.png,2
./train/scissors/testscissors01-040.png,2
./train/scissors/testscissors01-041.png,2
./train/scissors/testscissors01-042.png,2
./train/scissors/testscissors01-043.png,2
./train/scissors/testscissors01-044.png,2
./train/scissors/testscissors01-045.png,2
./train/scissors/testscissors01-046.png,2
./train/scissors/testscissors01-047.png,2
./train/scissors/testscissors01-048.png,2
./train/scissors/testscissors01-049.png,2
./train/scissors/testscissors01-050.png,2
./train/scissors/testscissors01-051.png,2
./train/scissors/testscissors01-052.png,2
./train/scissors/testscissors01-053.png,2
./train/scissors/testscissors01-054.png,2
./train/scissors/testscissors01-055.png,2
./train/scissors/testscissors01-056.png,2
./train/scissors/testscissors01-057.png,2
./train/scissors/testscissors01-058.png,2
./train/scissors/testscissors01-059.png,2
./train/scissors/testscissors01-060.png,2
./train/scissors/testscissors01-061.png,2
./train/scissors/testscissors01-062.png,2
./train/scissors/testscissors01-063.png,2
./train/scissors/testscissors01-064.png,2
./train/scissors/testscissors01-065.png,2
./train/scissors/testscissors01-066.png,2
./train/scissors/testscissors01-067.png,2
./train/scissors/testscissors01-068.png,2
./train/scissors/testscissors01-069.png,2
./train/scissors/testscissors01-070.png,2
./train/scissors/testscissors01-071.png,2
./train/scissors/testscissors01-072.png,2
./train/scissors/testscissors01-073.png,2
./train/scissors/testscissors01-074.png,2
./train/scissors/testscissors01-075.png,2
./train/scissors/testscissors01-076.png,2
./train/scissors/testscissors01-077.png,2
./train/scissors/testscissors01-078.png,2
./train/scissors/testscissors01-079.png,2
./train/scissors/testscissors01-080.png,2
./train/scissors/testscissors01-081.png,2
./train/scissors/testscissors01-082.png,2
./train/scissors/testscissors01-083.png,2
./train/scissors/testscissors01-084.png,2
./train/scissors/testscissors01-085.png,2
./train/scissors/testscissors01-086.png,2
./train/scissors/testscissors01-087.png,2
./train/scissors/testscissors01-088.png,2
./train/scissors/testscissors01-089.png,2
./train/scissors/testscissors01-090.png,2
./train/scissors/testscissors01-091.png,2
./train/scissors/testscissors01-092.png,2
./train/scissors/testscissors01-093.png,2
./train/scissors/testscissors01-094.png,2
./train/scissors/testscissors01-095.png,2
./train/scissors/testscissors01-096.png,2
./train/scissors/testscissors01-097.png,2
./train/scissors/testscissors01-098.png,2
./train/scissors/testscissors01-099.png,2
./train/scissors/testscissors01-100.png,2
./train/scissors/testscissors01-101.png,2
./train/scissors/testscissors01-102.png,2
./train/scissors/testscissors01-103.png,2
./train/scissors/testscissors01-104.png,2
./train/scissors/testscissors01-105.png,2
./train/scissors/testscissors01-106.png,2
./train/scissors/testscissors01-107.png,2
./train/scissors/testscissors01-108.png,2
./train/scissors/testscissors01-109.png,2
./train/scissors/testscissors01-110.png,2
./train/scissors/testscissors01-111.png,2
./train/scissors/testscissors01-112.png,2
./train/scissors/testscissors01-113.png,2
./train/scissors/testscissors01-114.png,2
./train/scissors/testscissors01-115.png,2
./train/scissors/testscissors01-116.png,2
./train/scissors/testscissors01-117.png,2
./train/scissors/testscissors01-118.png,2
./train/scissors/testscissors01-119.png,2
./train/scissors/testscissors02-000.png,2
./train/scissors/testscissors02-001.png,2
./train/scissors/testscissors02-002.png,2
./train/scissors/testscissors02-003.png,2
./train/scissors/testscissors02-004.png,2
./train/scissors/testscissors02-005.png,2
./train/scissors/testscissors02-006.png,2
./train/scissors/testscissors02-007.png,2
./train/scissors/testscissors02-008.png,2
./train/scissors/testscissors02-009.png,2
./train/scissors/testscissors02-010.png,2
./train/scissors/testscissors02-011.png,2
./train/scissors/testscissors02-012.png,2
./train/scissors/testscissors02-013.png,2
./train/scissors/testscissors02-014.png,2
./train/scissors/testscissors02-015.png,2
./train/scissors/testscissors02-016.png,2
./train/scissors/testscissors02-017.png,2
./train/scissors/testscissors02-018.png,2
./train/scissors/testscissors02-019.png,2
./train/scissors/testscissors02-020.png,2
./train/scissors/testscissors02-021.png,2
./train/scissors/testscissors02-022.png,2
./train/scissors/testscissors02-023.png,2
./train/scissors/testscissors02-024.png,2
./train/scissors/testscissors02-025.png,2
./train/scissors/testscissors02-026.png,2
./train/scissors/testscissors02-027.png,2
./train/scissors/testscissors02-028.png,2
./train/scissors/testscissors02-029.png,2
./train/scissors/testscissors02-030.png,2
./train/scissors/testscissors02-031.png,2
./train/scissors/testscissors02-032.png,2
./train/scissors/testscissors02-033.png,2
./train/scissors/testscissors02-034.png,2
./train/scissors/testscissors02-035.png,2
./train/scissors/testscissors02-036.png,2
./train/scissors/testscissors02-037.png,2
./train/scissors/testscissors02-038.png,2
./train/scissors/testscissors02-039.png,2
./train/scissors/testscissors02-040.png,2
./train/scissors/testscissors02-041.png,2
./train/scissors/testscissors02-042.png,2
./train/scissors/testscissors02-043.png,2
./train/scissors/testscissors02-044.png,2
./train/scissors/testscissors02-045.png,2
./train/scissors/testscissors02-046.png,2
./train/scissors/testscissors02-047.png,2
./train/scissors/testscissors02-048.png,2
./train/scissors/testscissors02-049.png,2
./train/scissors/testscissors02-050.png,2
./train/scissors/testscissors02-051.png,2
./train/scissors/testscissors02-052.png,2
./train/scissors/testscissors02-053.png,2
./train/scissors/testscissors02-054.png,2
./train/scissors/testscissors02-055.png,2
./train/scissors/testscissors02-056.png,2
./train/scissors/testscissors02-057.png,2
./train/scissors/testscissors02-058.png,2
./train/scissors/testscissors02-059.png,2
./train/scissors/testscissors02-060.png,2
./train/scissors/testscissors02-061.png,2
./train/scissors/testscissors02-062.png,2
./train/scissors/testscissors02-063.png,2
./train/scissors/testscissors02-064.png,2
./train/scissors/testscissors02-065.png,2
./train/scissors/testscissors02-066.png,2
./train/scissors/testscissors02-067.png,2
./train/scissors/testscissors02-068.png,2
./train/scissors/testscissors02-069.png,2
./train/scissors/testscissors02-070.png,2
./train/scissors/testscissors02-071.png,2
./train/scissors/testscissors02-072.png,2
./train/scissors/testscissors02-073.png,2
./train/scissors/testscissors02-074.png,2
./train/scissors/testscissors02-075.png,2
./train/scissors/testscissors02-076.png,2
./train/scissors/testscissors02-077.png,2
./train/scissors/testscissors02-078.png,2
./train/scissors/testscissors02-079.png,2
./train/scissors/testscissors02-080.png,2
./train/scissors/testscissors02-081.png,2
./train/scissors/testscissors02-082.png,2
./train/scissors/testscissors02-083.png,2
./train/scissors/testscissors02-084.png,2
./train/scissors/testscissors02-085.png,2
./train/scissors/testscissors02-086.png,2
./train/scissors/testscissors02-087.png,2
./train/scissors/testscissors02-088.png,2
./train/scissors/testscissors02-089.png,2
./train/scissors/testscissors02-090.png,2
./train/scissors/testscissors02-091.png,2
./train/scissors/testscissors02-092.png,2
./train/scissors/testscissors02-093.png,2
./train/scissors/testscissors02-094.png,2
./train/scissors/testscissors02-095.png,2
./train/scissors/testscissors02-096.png,2
./train/scissors/testscissors02-097.png,2
./train/scissors/testscissors02-098.png,2
./train/scissors/testscissors02-099.png,2
./train/scissors/testscissors02-100.png,2
./train/scissors/testscissors02-101.png,2
./train/scissors/testscissors02-102.png,2
./train/scissors/testscissors02-103.png,2
./train/scissors/testscissors02-104.png,2
./train/scissors/testscissors02-105.png,2
./train/scissors/testscissors02-106.png,2
./train/scissors/testscissors02-107.png,2
./train/scissors/testscissors02-108.png,2
./train/scissors/testscissors02-109.png,2
./train/scissors/testscissors02-110.png,2
./train/scissors/testscissors02-111.png,2
./train/scissors/testscissors02-112.png,2
./train/scissors/testscissors02-113.png,2
./train/scissors/testscissors02-114.png,2
./train/scissors/testscissors02-115.png,2
./train/scissors/testscissors02-116.png,2
./train/scissors/testscissors02-117.png,2
./train/scissors/testscissors02-118.png,2
./train/scissors/testscissors02-119.png,2
./train/scissors/testscissors03-000.png,2
./train/scissors/testscissors03-001.png,2
./train/scissors/testscissors03-002.png,2
./train/scissors/testscissors03-003.png,2
./train/scissors/testscissors03-004.png,2
./train/scissors/testscissors03-005.png,2
./train/scissors/testscissors03-006.png,2
./train/scissors/testscissors03-007.png,2
./train/scissors/testscissors03-008.png,2
./train/scissors/testscissors03-009.png,2
./train/scissors/testscissors03-010.png,2
./train/scissors/testscissors03-011.png,2
./train/scissors/testscissors03-012.png,2
./train/scissors/testscissors03-013.png,2
./train/scissors/testscissors03-014.png,2
./train/scissors/testscissors03-015.png,2
./train/scissors/testscissors03-016.png,2
./train/scissors/testscissors03-017.png,2
./train/scissors/testscissors03-018.png,2
./train/scissors/testscissors03-019.png,2
./train/scissors/testscissors03-020.png,2
./train/scissors/testscissors03-021.png,2
./train/scissors/testscissors03-022.png,2
./train/scissors/testscissors03-023.png,2
./train/scissors/testscissors03-024.png,2
./train/scissors/testscissors03-025.png,2
./train/scissors/testscissors03-026.png,2
./train/scissors/testscissors03-027.png,2
./train/scissors/testscissors03-028.png,2
./train/scissors/testscissors03-029.png,2
./train/scissors/testscissors03-030.png,2
./train/scissors/testscissors03-031.png,2
./train/scissors/testscissors03-032.png,2
./train/scissors/testscissors03-033.png,2
./train/scissors/testscissors03-034.png,2
./train/scissors/testscissors03-035.png,2
./train/scissors/testscissors03-036.png,2
./train/scissors/testscissors03-037.png,2
./train/scissors/testscissors03-038.png,2
./train/scissors/testscissors03-039.png,2
./train/scissors/testscissors03-040.png,2
./train/scissors/testscissors03-041.png,2
./train/scissors/testscissors03-042.png,2
./train/scissors/testscissors03-043.png,2
./train/scissors/testscissors03-044.png,2
./train/scissors/testscissors03-045.png,2
./train/scissors/testscissors03-046.png,2
./train/scissors/testscissors03-047.png,2
./train/scissors/testscissors03-048.png,2
./train/scissors/testscissors03-049.png,2
./train/scissors/testscissors03-050.png,2
./train/scissors/testscissors03-051.png,2
./train/scissors/testscissors03-052.png,2
./train/scissors/testscissors03-053.png,2
./train/scissors/testscissors03-054.png,2
./train/scissors/testscissors03-055.png,2
./train/scissors/testscissors03-056.png,2
./train/scissors/testscissors03-057.png,2
./train/scissors/testscissors03-058.png,2
./train/scissors/testscissors03-059.png,2
./train/scissors/testscissors03-060.png,2
./train/scissors/testscissors03-061.png,2
./train/scissors/testscissors03-062.png,2
./train/scissors/testscissors03-063.png,2
./train/scissors/testscissors03-064.png,2
./train/scissors/testscissors03-065.png,2
./train/scissors/testscissors03-066.png,2
./train/scissors/testscissors03-067.png,2
./train/scissors/testscissors03-068.png,2
./train/scissors/testscissors03-069.png,2
./train/scissors/testscissors03-070.png,2
./train/scissors/testscissors03-071.png,2
./train/scissors/testscissors03-072.png,2
./train/scissors/testscissors03-073.png,2
./train/scissors/testscissors03-074.png,2
./train/scissors/testscissors03-075.png,2
./train/scissors/testscissors03-076.png,2
./train/scissors/testscissors03-077.png,2
./train/scissors/testscissors03-078.png,2
./train/scissors/testscissors03-079.png,2
./train/scissors/testscissors03-080.png,2
./train/scissors/testscissors03-081.png,2
./train/scissors/testscissors03-082.png,2
./train/scissors/testscissors03-083.png,2
./train/scissors/testscissors03-084.png,2
./train/scissors/testscissors03-085.png,2
./train/scissors/testscissors03-086.png,2
./train/scissors/testscissors03-087.png,2
./train/scissors/testscissors03-088.png,2
./train/scissors/testscissors03-089.png,2
./train/scissors/testscissors03-090.png,2
./train/scissors/testscissors03-091.png,2
./train/scissors/testscissors03-092.png,2
./train/scissors/testscissors03-093.png,2
./train/scissors/testscissors03-094.png,2
./train/scissors/testscissors03-095.png,2
./train/scissors/testscissors03-096.png,2
./train/scissors/testscissors03-097.png,2
./train/scissors/testscissors03-098.png,2
./train/scissors/testscissors03-099.png,2
./train/scissors/testscissors03-100.png,2
./train/scissors/testscissors03-101.png,2
./train/scissors/testscissors03-102.png,2
./train/scissors/testscissors03-103.png,2
./train/scissors/testscissors03-104.png,2
./train/scissors/testscissors03-105.png,2
./train/scissors/testscissors03-106.png,2
./train/scissors/testscissors03-107.png,2
./train/scissors/testscissors03-108.png,2
./train/scissors/testscissors03-109.png,2
./train/scissors/testscissors03-110.png,2
./train/scissors/testscissors03-111.png,2
./train/scissors/testscissors03-112.png,2
./train/scissors/testscissors03-113.png,2
./train/scissors/testscissors03-114.png,2
./train/scissors/testscissors03-115.png,2
./train/scissors/testscissors03-116.png,2
./train/scissors/testscissors03-117.png,2
./train/scissors/testscissors03-118.png,2
./train/scissors/testscissors03-119.png,2
